entity,variable,date,value,unit,measurementMethod,observationPeriod
country/USA,seiche/OfrMoneyMarketFundRepoFederalReserve_Sum_Amount_Investment,2011-03-31,1352000000,USDollar,seiche/OfrMonthlyRevisedSeries,P1D
country/USA,seiche/OfrMoneyMarketFundRepoFederalReserve_Sum_Amount_Investment,2012-11-30,860000000,USDollar,seiche/OfrMonthlyRevisedSeries,P1D
country/USA,seiche/OfrMoneyMarketFundRepoFederalReserve_Sum_Amount_Investment,2013-09-30,54865000000,USDollar,seiche/OfrMonthlyRevisedSeries,P1D
country/USA,seiche/OfrMoneyMarketFundRepoFederalReserve_Sum_Amount_Investment,2013-10-31,11770000000,USDollar,seiche/OfrMonthlyRevisedSeries,P1D
country/USA,seiche/OfrMoneyMarketFundRepoFederalReserve_Sum_Amount_Investment,2013-11-30,17998000000,USDollar,seiche/OfrMonthlyRevisedSeries,P1D
country/USA,seiche/OfrMoneyMarketFundRepoFederalReserve_Sum_Amount_Investment,2013-12-31,163295000000,USDollar,seiche/OfrMonthlyRevisedSeries,P1D
country/USA,seiche/OfrMoneyMarketFundRepoFederalReserve_Sum_Amount_Investment,2014-01-31,82469000000,USDollar,seiche/OfrMonthlyRevisedSeries,P1D
country/USA,seiche/OfrMoneyMarketFundRepoFederalReserve_Sum_Amount_Investment,2014-02-28,104409000000,USDollar,seiche/OfrMonthlyRevisedSeries,P1D
country/USA,seiche/OfrMoneyMarketFundRepoFederalReserve_Sum_Amount_Investment,2014-03-31,221984000000,USDollar,seiche/OfrMonthlyRevisedSeries,P1D
country/USA,seiche/OfrMoneyMarketFundRepoFederalReserve_Sum_Amount_Investment,2014-04-30,175052000000,USDollar,seiche/OfrMonthlyRevisedSeries,P1D
country/USA,seiche/OfrMoneyMarketFundRepoFederalReserve_Sum_Amount_Investment,2014-05-31,152026000000,USDollar,seiche/OfrMonthlyRevisedSeries,P1D
country/USA,seiche/OfrMoneyMarketFundRepoFederalReserve_Sum_Amount_Investment,2014-06-30,305531000000,USDollar,seiche/OfrMonthlyRevisedSeries,P1D
country/USA,seiche/OfrMoneyMarketFundRepoFederalReserve_Sum_Amount_Investment,2014-07-31,136174000000,USDollar,seiche/OfrMonthlyRevisedSeries,P1D
country/USA,seiche/OfrMoneyMarketFundRepoFederalReserve_Sum_Amount_Investment,2014-08-31,151390000000,USDollar,seiche/OfrMonthlyRevisedSeries,P1D
country/USA,seiche/OfrMoneyMarketFundRepoFederalReserve_Sum_Amount_Investment,2014-09-30,294368000000,USDollar,seiche/OfrMonthlyRevisedSeries,P1D
country/USA,seiche/OfrMoneyMarketFundRepoFederalReserve_Sum_Amount_Investment,2014-10-31,169582000000,USDollar,seiche/OfrMonthlyRevisedSeries,P1D
country/USA,seiche/OfrMoneyMarketFundRepoFederalReserve_Sum_Amount_Investment,2014-11-30,165535000000,USDollar,seiche/OfrMonthlyRevisedSeries,P1D
country/USA,seiche/OfrMoneyMarketFundRepoFederalReserve_Sum_Amount_Investment,2014-12-31,371227000000,USDollar,seiche/OfrMonthlyRevisedSeries,P1D
country/USA,seiche/OfrMoneyMarketFundRepoFederalReserve_Sum_Amount_Investment,2015-01-31,173167000000,USDollar,seiche/OfrMonthlyRevisedSeries,P1D
country/USA,seiche/OfrMoneyMarketFundRepoFederalReserve_Sum_Amount_Investment,2015-02-28,184400000000,USDollar,seiche/OfrMonthlyRevisedSeries,P1D
country/USA,seiche/OfrMoneyMarketFundRepoFederalReserve_Sum_Amount_Investment,2015-03-31,345272000000,USDollar,seiche/OfrMonthlyRevisedSeries,P1D
country/USA,seiche/OfrMoneyMarketFundRepoFederalReserve_Sum_Amount_Investment,2015-04-30,121564000000,USDollar,seiche/OfrMonthlyRevisedSeries,P1D
country/USA,seiche/OfrMoneyMarketFundRepoFederalReserve_Sum_Amount_Investment,2015-05-31,149001000000,USDollar,seiche/OfrMonthlyRevisedSeries,P1D
country/USA,seiche/OfrMoneyMarketFundRepoFederalReserve_Sum_Amount_Investment,2015-06-30,372152000000,USDollar,seiche/OfrMonthlyRevisedSeries,P1D
country/USA,seiche/OfrMoneyMarketFundRepoFederalReserve_Sum_Amount_Investment,2015-07-31,129377000000,USDollar,seiche/OfrMonthlyRevisedSeries,P1D
country/USA,seiche/OfrMoneyMarketFundRepoFederalReserve_Sum_Amount_Investment,2015-08-31,143894000000,USDollar,seiche/OfrMonthlyRevisedSeries,P1D
country/USA,seiche/OfrMoneyMarketFundRepoFederalReserve_Sum_Amount_Investment,2015-09-30,414415000000,USDollar,seiche/OfrMonthlyRevisedSeries,P1D
country/USA,seiche/OfrMoneyMarketFundRepoFederalReserve_Sum_Amount_Investment,2015-10-31,188401000000,USDollar,seiche/OfrMonthlyRevisedSeries,P1D
country/USA,seiche/OfrMoneyMarketFundRepoFederalReserve_Sum_Amount_Investment,2015-11-30,133924000000,USDollar,seiche/OfrMonthlyRevisedSeries,P1D
country/USA,seiche/OfrMoneyMarketFundRepoFederalReserve_Sum_Amount_Investment,2015-12-31,423991000000,USDollar,seiche/OfrMonthlyRevisedSeries,P1D
country/USA,seiche/OfrMoneyMarketFundRepoFederalReserve_Sum_Amount_Investment,2016-01-31,104048000000,USDollar,seiche/OfrMonthlyRevisedSeries,P1D
country/USA,seiche/OfrMoneyMarketFundRepoFederalReserve_Sum_Amount_Investment,2016-02-29,79448000000,USDollar,seiche/OfrMonthlyRevisedSeries,P1D
country/USA,seiche/OfrMoneyMarketFundRepoFederalReserve_Sum_Amount_Investment,2016-03-31,267679000000,USDollar,seiche/OfrMonthlyRevisedSeries,P1D
country/USA,seiche/OfrMoneyMarketFundRepoFederalReserve_Sum_Amount_Investment,2016-04-30,60033000000,USDollar,seiche/OfrMonthlyRevisedSeries,P1D
country/USA,seiche/OfrMoneyMarketFundRepoFederalReserve_Sum_Amount_Investment,2016-05-31,90902000000,USDollar,seiche/OfrMonthlyRevisedSeries,P1D
country/USA,seiche/OfrMoneyMarketFundRepoFederalReserve_Sum_Amount_Investment,2016-06-30,242783998959,USDollar,seiche/OfrMonthlyRevisedSeries,P1D
country/USA,seiche/OfrMoneyMarketFundRepoFederalReserve_Sum_Amount_Investment,2016-07-31,85043000000,USDollar,seiche/OfrMonthlyRevisedSeries,P1D
country/USA,seiche/OfrMoneyMarketFundRepoFederalReserve_Sum_Amount_Investment,2016-08-31,149892999569.5,USDollar,seiche/OfrMonthlyRevisedSeries,P1D
country/USA,seiche/OfrMoneyMarketFundRepoFederalReserve_Sum_Amount_Investment,2016-09-30,384348000000,USDollar,seiche/OfrMonthlyRevisedSeries,P1D
country/USA,seiche/OfrMoneyMarketFundRepoFederalReserve_Sum_Amount_Investment,2016-10-31,198087918163.75,USDollar,seiche/OfrMonthlyRevisedSeries,P1D
country/USA,seiche/OfrMoneyMarketFundRepoFederalReserve_Sum_Amount_Investment,2016-11-30,177263937743.5,USDollar,seiche/OfrMonthlyRevisedSeries,P1D
country/USA,seiche/OfrMoneyMarketFundRepoFederalReserve_Sum_Amount_Investment,2016-12-31,403420000000,USDollar,seiche/OfrMonthlyRevisedSeries,P1D
country/USA,seiche/OfrMoneyMarketFundRepoFederalReserve_Sum_Amount_Investment,2017-01-31,165225935674,USDollar,seiche/OfrMonthlyRevisedSeries,P1D
country/USA,seiche/OfrMoneyMarketFundRepoFederalReserve_Sum_Amount_Investment,2017-02-28,194040964576,USDollar,seiche/OfrMonthlyRevisedSeries,P1D
country/USA,seiche/OfrMoneyMarketFundRepoFederalReserve_Sum_Amount_Investment,2017-03-31,328793000000,USDollar,seiche/OfrMonthlyRevisedSeries,P1D
country/USA,seiche/OfrMoneyMarketFundRepoFederalReserve_Sum_Amount_Investment,2017-04-30,174465798241,USDollar,seiche/OfrMonthlyRevisedSeries,P1D
country/USA,seiche/OfrMoneyMarketFundRepoFederalReserve_Sum_Amount_Investment,2017-05-31,244165920237.5,USDollar,seiche/OfrMonthlyRevisedSeries,P1D
country/USA,seiche/OfrMoneyMarketFundRepoFederalReserve_Sum_Amount_Investment,2017-06-30,365114238032.25,USDollar,seiche/OfrMonthlyRevisedSeries,P1D
country/USA,seiche/OfrMoneyMarketFundRepoFederalReserve_Sum_Amount_Investment,2017-07-31,189886932419.5,USDollar,seiche/OfrMonthlyRevisedSeries,P1D
country/USA,seiche/OfrMoneyMarketFundRepoFederalReserve_Sum_Amount_Investment,2017-08-31,204275941522.5,USDollar,seiche/OfrMonthlyRevisedSeries,P1D
country/USA,seiche/OfrMoneyMarketFundRepoFederalReserve_Sum_Amount_Investment,2017-09-30,298479715240,USDollar,seiche/OfrMonthlyRevisedSeries,P1D
country/USA,seiche/OfrMoneyMarketFundRepoFederalReserve_Sum_Amount_Investment,2017-10-31,164445000000,USDollar,seiche/OfrMonthlyRevisedSeries,P1D
country/USA,seiche/OfrMoneyMarketFundRepoFederalReserve_Sum_Amount_Investment,2017-11-30,96208979215.25,USDollar,seiche/OfrMonthlyRevisedSeries,P1D
country/USA,seiche/OfrMoneyMarketFundRepoFederalReserve_Sum_Amount_Investment,2017-12-31,288134308551.34,USDollar,seiche/OfrMonthlyRevisedSeries,P1D
country/USA,seiche/OfrMoneyMarketFundRepoFederalReserve_Sum_Amount_Investment,2018-01-31,55086980311.25,USDollar,seiche/OfrMonthlyRevisedSeries,P1D
country/USA,seiche/OfrMoneyMarketFundRepoFederalReserve_Sum_Amount_Investment,2018-02-28,31049983104,USDollar,seiche/OfrMonthlyRevisedSeries,P1D
country/USA,seiche/OfrMoneyMarketFundRepoFederalReserve_Sum_Amount_Investment,2018-03-31,22621000000,USDollar,seiche/OfrMonthlyRevisedSeries,P1D
country/USA,seiche/OfrMoneyMarketFundRepoFederalReserve_Sum_Amount_Investment,2018-04-30,13720000000,USDollar,seiche/OfrMonthlyRevisedSeries,P1D
country/USA,seiche/OfrMoneyMarketFundRepoFederalReserve_Sum_Amount_Investment,2018-05-31,21465000000,USDollar,seiche/OfrMonthlyRevisedSeries,P1D
country/USA,seiche/OfrMoneyMarketFundRepoFederalReserve_Sum_Amount_Investment,2018-06-30,88810000000,USDollar,seiche/OfrMonthlyRevisedSeries,P1D
country/USA,seiche/OfrMoneyMarketFundRepoFederalReserve_Sum_Amount_Investment,2018-07-31,9035000000,USDollar,seiche/OfrMonthlyRevisedSeries,P1D
country/USA,seiche/OfrMoneyMarketFundRepoFederalReserve_Sum_Amount_Investment,2018-08-31,380000000,USDollar,seiche/OfrMonthlyRevisedSeries,P1D
country/USA,seiche/OfrMoneyMarketFundRepoFederalReserve_Sum_Amount_Investment,2018-09-30,44945000000,USDollar,seiche/OfrMonthlyRevisedSeries,P1D
country/USA,seiche/OfrMoneyMarketFundRepoFederalReserve_Sum_Amount_Investment,2018-10-31,4805000000,USDollar,seiche/OfrMonthlyRevisedSeries,P1D
country/USA,seiche/OfrMoneyMarketFundRepoFederalReserve_Sum_Amount_Investment,2018-11-30,2455000000,USDollar,seiche/OfrMonthlyRevisedSeries,P1D
country/USA,seiche/OfrMoneyMarketFundRepoFederalReserve_Sum_Amount_Investment,2018-12-31,39648000000,USDollar,seiche/OfrMonthlyRevisedSeries,P1D
country/USA,seiche/OfrMoneyMarketFundRepoFederalReserve_Sum_Amount_Investment,2019-01-31,1041000000,USDollar,seiche/OfrMonthlyRevisedSeries,P1D
country/USA,seiche/OfrMoneyMarketFundRepoFederalReserve_Sum_Amount_Investment,2019-02-28,3405000000,USDollar,seiche/OfrMonthlyRevisedSeries,P1D
country/USA,seiche/OfrMoneyMarketFundRepoFederalReserve_Sum_Amount_Investment,2019-03-31,721000000,USDollar,seiche/OfrMonthlyRevisedSeries,P1D
country/USA,seiche/OfrMoneyMarketFundRepoFederalReserve_Sum_Amount_Investment,2019-04-30,5000000,USDollar,seiche/OfrMonthlyRevisedSeries,P1D
country/USA,seiche/OfrMoneyMarketFundRepoFederalReserve_Sum_Amount_Investment,2019-05-31,855000000,USDollar,seiche/OfrMonthlyRevisedSeries,P1D
country/USA,seiche/OfrMoneyMarketFundRepoFederalReserve_Sum_Amount_Investment,2019-06-30,43607000000,USDollar,seiche/OfrMonthlyRevisedSeries,P1D
country/USA,seiche/OfrMoneyMarketFundRepoFederalReserve_Sum_Amount_Investment,2019-07-31,7365958066,USDollar,seiche/OfrMonthlyRevisedSeries,P1D
country/USA,seiche/OfrMoneyMarketFundRepoFederalReserve_Sum_Amount_Investment,2019-08-31,12089000000,USDollar,seiche/OfrMonthlyRevisedSeries,P1D
country/USA,seiche/OfrMoneyMarketFundRepoFederalReserve_Sum_Amount_Investment,2019-09-30,7057000000,USDollar,seiche/OfrMonthlyRevisedSeries,P1D
country/USA,seiche/OfrMoneyMarketFundRepoFederalReserve_Sum_Amount_Investment,2019-10-31,2849984297,USDollar,seiche/OfrMonthlyRevisedSeries,P1D
country/USA,seiche/OfrMoneyMarketFundRepoFederalReserve_Sum_Amount_Investment,2019-11-30,499991035,USDollar,seiche/OfrMonthlyRevisedSeries,P1D
country/USA,seiche/OfrMoneyMarketFundRepoFederalReserve_Sum_Amount_Investment,2019-12-31,47386992280.3,USDollar,seiche/OfrMonthlyRevisedSeries,P1D
country/USA,seiche/OfrMoneyMarketFundRepoFederalReserve_Sum_Amount_Investment,2020-01-31,4500000000,USDollar,seiche/OfrMonthlyRevisedSeries,P1D
country/USA,seiche/OfrMoneyMarketFundRepoFederalReserve_Sum_Amount_Investment,2020-02-29,2187000000,USDollar,seiche/OfrMonthlyRevisedSeries,P1D
country/USA,seiche/OfrMoneyMarketFundRepoFederalReserve_Sum_Amount_Investment,2020-03-31,284897998173,USDollar,seiche/OfrMonthlyRevisedSeries,P1D
country/USA,seiche/OfrMoneyMarketFundRepoFederalReserve_Sum_Amount_Investment,2020-04-30,1775000000,USDollar,seiche/OfrMonthlyRevisedSeries,P1D
country/USA,seiche/OfrMoneyMarketFundRepoFederalReserve_Sum_Amount_Investment,2020-05-31,1325000000,USDollar,seiche/OfrMonthlyRevisedSeries,P1D
country/USA,seiche/OfrMoneyMarketFundRepoFederalReserve_Sum_Amount_Investment,2020-06-30,950000000,USDollar,seiche/OfrMonthlyRevisedSeries,P1D
country/USA,seiche/OfrMoneyMarketFundRepoFederalReserve_Sum_Amount_Investment,2020-07-31,150000000,USDollar,seiche/OfrMonthlyRevisedSeries,P1D
country/USA,seiche/OfrMoneyMarketFundRepoFederalReserve_Sum_Amount_Investment,2020-08-31,1000000,USDollar,seiche/OfrMonthlyRevisedSeries,P1D
country/USA,seiche/OfrMoneyMarketFundRepoFederalReserve_Sum_Amount_Investment,2020-09-30,850000000,USDollar,seiche/OfrMonthlyRevisedSeries,P1D
country/USA,seiche/OfrMoneyMarketFundRepoFederalReserve_Sum_Amount_Investment,2020-10-31,1000000,USDollar,seiche/OfrMonthlyRevisedSeries,P1D
country/USA,seiche/OfrMoneyMarketFundRepoFederalReserve_Sum_Amount_Investment,2020-11-30,6000000,USDollar,seiche/OfrMonthlyRevisedSeries,P1D
country/USA,seiche/OfrMoneyMarketFundRepoFederalReserve_Sum_Amount_Investment,2020-12-31,9651000000,USDollar,seiche/OfrMonthlyRevisedSeries,P1D
country/USA,seiche/OfrMoneyMarketFundRepoFederalReserve_Sum_Amount_Investment,2021-01-31,5350000000,USDollar,seiche/OfrMonthlyRevisedSeries,P1D
country/USA,seiche/OfrMoneyMarketFundRepoFederalReserve_Sum_Amount_Investment,2021-02-28,2700000000,USDollar,seiche/OfrMonthlyRevisedSeries,P1D
country/USA,seiche/OfrMoneyMarketFundRepoFederalReserve_Sum_Amount_Investment,2021-03-31,125307000000,USDollar,seiche/OfrMonthlyRevisedSeries,P1D
country/USA,seiche/OfrMoneyMarketFundRepoFederalReserve_Sum_Amount_Investment,2021-04-30,179733997732,USDollar,seiche/OfrMonthlyRevisedSeries,P1D
country/USA,seiche/OfrMoneyMarketFundRepoFederalReserve_Sum_Amount_Investment,2021-05-31,458647913437.81,USDollar,seiche/OfrMonthlyRevisedSeries,P1D
country/USA,seiche/OfrMoneyMarketFundRepoFederalReserve_Sum_Amount_Investment,2021-06-30,855089000000,USDollar,seiche/OfrMonthlyRevisedSeries,P1D
country/USA,seiche/OfrMoneyMarketFundRepoFederalReserve_Sum_Amount_Investment,2021-07-31,885644019706,USDollar,seiche/OfrMonthlyRevisedSeries,P1D
country/USA,seiche/OfrMoneyMarketFundRepoFederalReserve_Sum_Amount_Investment,2021-08-31,1049615998163.2,USDollar,seiche/OfrMonthlyRevisedSeries,P1D
country/USA,seiche/OfrMoneyMarketFundRepoFederalReserve_Sum_Amount_Investment,2021-09-30,1438935999744,USDollar,seiche/OfrMonthlyRevisedSeries,P1D
country/USA,seiche/OfrMoneyMarketFundRepoFederalReserve_Sum_Amount_Investment,2021-10-31,1345696004710.25,USDollar,seiche/OfrMonthlyRevisedSeries,P1D
country/USA,seiche/OfrMoneyMarketFundRepoFederalReserve_Sum_Amount_Investment,2021-11-30,1397030998012,USDollar,seiche/OfrMonthlyRevisedSeries,P1D
country/USA,seiche/OfrMoneyMarketFundRepoFederalReserve_Sum_Amount_Investment,2021-12-31,1739662008874.45,USDollar,seiche/OfrMonthlyRevisedSeries,P1D
country/USA,seiche/OfrMoneyMarketFundRepoFederalReserve_Sum_Amount_Investment,2022-01-31,1474650006059,USDollar,seiche/OfrMonthlyRevisedSeries,P1D
country/USA,seiche/OfrMoneyMarketFundRepoFederalReserve_Sum_Amount_Investment,2022-02-28,1445701997760,USDollar,seiche/OfrMonthlyRevisedSeries,P1D
country/USA,seiche/OfrMoneyMarketFundRepoFederalReserve_Sum_Amount_Investment,2022-03-31,1658069924400,USDollar,seiche/OfrMonthlyRevisedSeries,P1D
country/USA,seiche/OfrMoneyMarketFundRepoFederalReserve_Sum_Amount_Investment,2022-04-30,1670302009315,USDollar,seiche/OfrMonthlyRevisedSeries,P1D
country/USA,seiche/OfrMoneyMarketFundRepoFederalReserve_Sum_Amount_Investment,2022-05-31,1753187002173.5,USDollar,seiche/OfrMonthlyRevisedSeries,P1D
country/USA,seiche/OfrMoneyMarketFundRepoFederalReserve_Sum_Amount_Investment,2022-06-30,2062892998423,USDollar,seiche/OfrMonthlyRevisedSeries,P1D
country/USA,seiche/OfrMoneyMarketFundRepoFederalReserve_Sum_Amount_Investment,2022-07-31,2098154992356,USDollar,seiche/OfrMonthlyRevisedSeries,P1D
country/USA,seiche/OfrMoneyMarketFundRepoFederalReserve_Sum_Amount_Investment,2022-08-31,2069424996500,USDollar,seiche/OfrMonthlyRevisedSeries,P1D
country/USA,seiche/OfrMoneyMarketFundRepoFederalReserve_Sum_Amount_Investment,2022-09-30,2220585013951.8,USDollar,seiche/OfrMonthlyRevisedSeries,P1D
country/USA,seiche/OfrMoneyMarketFundRepoFederalReserve_Sum_Amount_Investment,2022-10-31,2144952996766,USDollar,seiche/OfrMonthlyRevisedSeries,P1D
country/USA,seiche/OfrMoneyMarketFundRepoFederalReserve_Sum_Amount_Investment,2022-11-30,2003487986560,USDollar,seiche/OfrMonthlyRevisedSeries,P1D
country/USA,seiche/OfrMoneyMarketFundRepoFederalReserve_Sum_Amount_Investment,2022-12-31,2339615942898.8,USDollar,seiche/OfrMonthlyRevisedSeries,P1D
country/USA,seiche/OfrMoneyMarketFundRepoFederalReserve_Sum_Amount_Investment,2023-01-31,1988961989024,USDollar,seiche/OfrMonthlyRevisedSeries,P1D
country/USA,seiche/OfrMoneyMarketFundRepoFederalReserve_Sum_Amount_Investment,2023-02-28,2097334989360,USDollar,seiche/OfrMonthlyRevisedSeries,P1D
country/USA,seiche/OfrMoneyMarketFundRepoFederalReserve_Sum_Amount_Investment,2023-03-31,2230840919088,USDollar,seiche/OfrMonthlyRevisedSeries,P1D
country/USA,seiche/OfrMoneyMarketFundRepoFederalReserve_Sum_Amount_Investment,2023-04-30,2213877879608.5,USDollar,seiche/OfrMonthlyRevisedSeries,P1D
country/USA,seiche/OfrMoneyMarketFundRepoFederalReserve_Sum_Amount_Investment,2023-05-31,2043957947679.5,USDollar,seiche/OfrMonthlyRevisedSeries,P1D
country/USA,seiche/OfrMoneyMarketFundRepoFederalReserve_Sum_Amount_Investment,2023-06-30,1905993899098.5,USDollar,seiche/OfrMonthlyRevisedSeries,P1D
country/USA,seiche/OfrMoneyMarketFundRepoFederalReserve_Sum_Amount_Investment,2023-07-31,1753123049135.2,USDollar,seiche/OfrMonthlyRevisedSeries,P1D
country/USA,seiche/OfrMoneyMarketFundRepoFederalReserve_Sum_Amount_Investment,2023-08-31,1565150980858.31,USDollar,seiche/OfrMonthlyRevisedSeries,P1D
country/USA,seiche/OfrMoneyMarketFundRepoFederalReserve_Sum_Amount_Investment,2023-09-30,1483948931218.96,USDollar,seiche/OfrMonthlyRevisedSeries,P1D
country/USA,seiche/OfrMoneyMarketFundRepoFederalReserve_Sum_Amount_Investment,2023-10-31,1084121994884.8,USDollar,seiche/OfrMonthlyRevisedSeries,P1D
country/USA,seiche/OfrMoneyMarketFundRepoFederalReserve_Sum_Amount_Investment,2023-11-30,849271977660.86,USDollar,seiche/OfrMonthlyRevisedSeries,P1D
country/USA,seiche/OfrMoneyMarketFundRepoFederalReserve_Sum_Amount_Investment,2023-12-31,968681908611.94,USDollar,seiche/OfrMonthlyRevisedSeries,P1D
country/USA,seiche/OfrMoneyMarketFundRepoFederalReserve_Sum_Amount_Investment,2024-01-31,583438979054.81,USDollar,seiche/OfrMonthlyRevisedSeries,P1D
country/USA,seiche/OfrMoneyMarketFundRepoFederalReserve_Sum_Amount_Investment,2024-02-29,464923973501.64,USDollar,seiche/OfrMonthlyRevisedSeries,P1D
country/USA,seiche/OfrMoneyMarketFundRepoFederalReserve_Sum_Amount_Investment,2024-03-31,537772501181.65,USDollar,seiche/OfrMonthlyRevisedSeries,P1D
country/USA,seiche/OfrMoneyMarketFundRepoFederalReserve_Sum_Amount_Investment,2024-04-30,508708965814.57,USDollar,seiche/OfrMonthlyRevisedSeries,P1D
country/USA,seiche/OfrMoneyMarketFundRepoFederalReserve_Sum_Amount_Investment,2024-05-31,415800895391.15,USDollar,seiche/OfrMonthlyRevisedSeries,P1D
country/USA,seiche/OfrMoneyMarketFundRepoFederalReserve_Sum_Amount_Investment,2024-06-30,618254901336.79,USDollar,seiche/OfrMonthlyRevisedSeries,P1D
country/USA,seiche/OfrMoneyMarketFundRepoFederalReserve_Sum_Amount_Investment,2024-07-31,382464935174.93,USDollar,seiche/OfrMonthlyRevisedSeries,P1D
country/USA,seiche/OfrMoneyMarketFundRepoFederalReserve_Sum_Amount_Investment,2024-08-31,391472049677.4,USDollar,seiche/OfrMonthlyRevisedSeries,P1D
country/USA,seiche/OfrMoneyMarketFundRepoFederalReserve_Sum_Amount_Investment,2024-09-30,429783985000.83,USDollar,seiche/OfrMonthlyRevisedSeries,P1D
country/USA,seiche/OfrMoneyMarketFundRepoFederalReserve_Sum_Amount_Investment,2024-10-31,173622973559.39,USDollar,seiche/OfrMonthlyRevisedSeries,P1D
country/USA,seiche/OfrMoneyMarketFundRepoFederalReserve_Sum_Amount_Investment,2024-11-30,169732934394.76,USDollar,seiche/OfrMonthlyRevisedSeries,P1D
country/USA,seiche/OfrMoneyMarketFundRepoFederalReserve_Sum_Amount_Investment,2024-12-31,382434000000,USDollar,seiche/OfrMonthlyRevisedSeries,P1D
country/USA,seiche/OfrMoneyMarketFundRepoFederalReserve_Sum_Amount_Investment,2025-01-31,148086929995.95,USDollar,seiche/OfrMonthlyRevisedSeries,P1D
country/USA,seiche/OfrMoneyMarketFundRepoFederalReserve_Sum_Amount_Investment,2025-02-28,201396931934.87,USDollar,seiche/OfrMonthlyRevisedSeries,P1D
country/USA,seiche/OfrMoneyMarketFundRepoFederalReserve_Sum_Amount_Investment,2025-03-31,348691970710.56,USDollar,seiche/OfrMonthlyRevisedSeries,P1D
country/USA,seiche/OfrMoneyMarketFundRepoFederalReserve_Sum_Amount_Investment,2025-04-30,214375977383.54,USDollar,seiche/OfrMonthlyRevisedSeries,P1D
country/USA,seiche/OfrMoneyMarketFundRepoFederalReserve_Sum_Amount_Investment,2025-05-31,281806949792.97,USDollar,seiche/OfrMonthlyRevisedSeries,P1D
country/USA,seiche/OfrMoneyMarketFundRepoFederalReserve_Sum_Amount_Investment,2025-06-30,389355984751.83,USDollar,seiche/OfrMonthlyRevisedSeries,P1D
country/USA,seiche/OfrMoneyMarketFundRepoFederalReserve_Sum_Amount_Investment,2025-07-31,180109976509.54,USDollar,seiche/OfrMonthlyRevisedSeries,P1D
country/USA,seiche/OfrMoneyMarketFundRepoFederalReserve_Sum_Amount_Investment,2025-08-31,54972893619.43,USDollar,seiche/OfrMonthlyRevisedSeries,P1D
country/USA,seiche/OfrMoneyMarketFundRepoFederalReserve_Sum_Amount_Investment,2025-09-30,22045976391.76,USDollar,seiche/OfrMonthlyRevisedSeries,P1D
country/USA,seiche/OfrMoneyMarketFundRepoFederalReserve_Sum_Amount_Investment,2025-10-31,32551888071.31,USDollar,seiche/OfrMonthlyRevisedSeries,P1D
country/USA,seiche/OfrMoneyMarketFundRepoFederalReserve_Sum_Amount_Investment,2025-11-30,6835968975.3,USDollar,seiche/OfrMonthlyRevisedSeries,P1D
country/USA,seiche/OfrMoneyMarketFundRepoFederalReserve_Sum_Amount_Investment,2025-12-31,72592966160.59,USDollar,seiche/OfrMonthlyRevisedSeries,P1D
country/USA,seiche/OfrMoneyMarketFundRepoFederalReserve_Sum_Amount_Investment,2026-01-31,3304000000,USDollar,seiche/OfrMonthlyRevisedSeries,P1D
country/USA,seiche/OfrMoneyMarketFundRepoFederalReserve_Sum_Amount_Investment,2026-02-28,6997985421.24,USDollar,seiche/OfrMonthlyRevisedSeries,P1D
country/USA,seiche/OfrMoneyMarketFundRepoFederalReserve_Sum_Amount_Investment,2026-03-31,6406995387.99,USDollar,seiche/OfrMonthlyRevisedSeries,P1D
country/USA,seiche/OfrMoneyMarketFundRepoFederalReserve_Sum_Amount_Investment,2026-04-30,2591000000,USDollar,seiche/OfrMonthlyRevisedSeries,P1D
country/USA,seiche/OfrMoneyMarketFundRepoFederalReserve_Sum_Amount_Investment,2026-05-31,5641983294.73,USDollar,seiche/OfrMonthlyRevisedSeries,P1D
country/USA,seiche/OfrMoneyMarketFundRepoFederalReserve_Sum_Amount_Investment,2026-06-30,6829980601.94,USDollar,seiche/OfrMonthlyRevisedSeries,P1D
country/USA,seiche/OfrMoneyMarketFundRepoFicc_Sum_Amount_Investment,2014-03-31,13609863.71,USDollar,seiche/OfrMonthlyRevisedSeries,P1D
country/USA,seiche/OfrMoneyMarketFundRepoFicc_Sum_Amount_Investment,2014-04-30,24152651.42,USDollar,seiche/OfrMonthlyRevisedSeries,P1D
country/USA,seiche/OfrMoneyMarketFundRepoFicc_Sum_Amount_Investment,2014-05-31,6879736.13,USDollar,seiche/OfrMonthlyRevisedSeries,P1D
country/USA,seiche/OfrMoneyMarketFundRepoFicc_Sum_Amount_Investment,2014-06-30,22447872.86,USDollar,seiche/OfrMonthlyRevisedSeries,P1D
country/USA,seiche/OfrMoneyMarketFundRepoFicc_Sum_Amount_Investment,2014-07-31,14428367.2,USDollar,seiche/OfrMonthlyRevisedSeries,P1D
country/USA,seiche/OfrMoneyMarketFundRepoFicc_Sum_Amount_Investment,2014-08-31,8596296.79,USDollar,seiche/OfrMonthlyRevisedSeries,P1D
country/USA,seiche/OfrMoneyMarketFundRepoFicc_Sum_Amount_Investment,2014-09-30,441836127.7,USDollar,seiche/OfrMonthlyRevisedSeries,P1D
country/USA,seiche/OfrMoneyMarketFundRepoFicc_Sum_Amount_Investment,2014-10-31,148847057.93,USDollar,seiche/OfrMonthlyRevisedSeries,P1D
country/USA,seiche/OfrMoneyMarketFundRepoFicc_Sum_Amount_Investment,2014-11-30,261052195.64,USDollar,seiche/OfrMonthlyRevisedSeries,P1D
country/USA,seiche/OfrMoneyMarketFundRepoFicc_Sum_Amount_Investment,2014-12-31,82555877.11,USDollar,seiche/OfrMonthlyRevisedSeries,P1D
country/USA,seiche/OfrMoneyMarketFundRepoFicc_Sum_Amount_Investment,2015-01-31,101397236.02,USDollar,seiche/OfrMonthlyRevisedSeries,P1D
country/USA,seiche/OfrMoneyMarketFundRepoFicc_Sum_Amount_Investment,2015-02-28,154415966.72,USDollar,seiche/OfrMonthlyRevisedSeries,P1D
country/USA,seiche/OfrMoneyMarketFundRepoFicc_Sum_Amount_Investment,2015-03-31,246795955.72,USDollar,seiche/OfrMonthlyRevisedSeries,P1D
country/USA,seiche/OfrMoneyMarketFundRepoFicc_Sum_Amount_Investment,2015-04-30,319259047.84,USDollar,seiche/OfrMonthlyRevisedSeries,P1D
country/USA,seiche/OfrMoneyMarketFundRepoFicc_Sum_Amount_Investment,2015-05-31,126175753.01,USDollar,seiche/OfrMonthlyRevisedSeries,P1D
country/USA,seiche/OfrMoneyMarketFundRepoFicc_Sum_Amount_Investment,2015-06-30,372960192.09,USDollar,seiche/OfrMonthlyRevisedSeries,P1D
country/USA,seiche/OfrMoneyMarketFundRepoFicc_Sum_Amount_Investment,2015-07-31,149241917.62,USDollar,seiche/OfrMonthlyRevisedSeries,P1D
country/USA,seiche/OfrMoneyMarketFundRepoFicc_Sum_Amount_Investment,2015-08-31,101179568.73,USDollar,seiche/OfrMonthlyRevisedSeries,P1D
country/USA,seiche/OfrMoneyMarketFundRepoFicc_Sum_Amount_Investment,2015-09-30,788392999.09,USDollar,seiche/OfrMonthlyRevisedSeries,P1D
country/USA,seiche/OfrMoneyMarketFundRepoFicc_Sum_Amount_Investment,2015-10-31,608476865.65,USDollar,seiche/OfrMonthlyRevisedSeries,P1D
country/USA,seiche/OfrMoneyMarketFundRepoFicc_Sum_Amount_Investment,2015-11-30,33726778.62,USDollar,seiche/OfrMonthlyRevisedSeries,P1D
country/USA,seiche/OfrMoneyMarketFundRepoFicc_Sum_Amount_Investment,2015-12-31,119192637.35,USDollar,seiche/OfrMonthlyRevisedSeries,P1D
country/USA,seiche/OfrMoneyMarketFundRepoFicc_Sum_Amount_Investment,2016-01-31,139587781.28,USDollar,seiche/OfrMonthlyRevisedSeries,P1D
country/USA,seiche/OfrMoneyMarketFundRepoFicc_Sum_Amount_Investment,2016-02-29,78731352.66,USDollar,seiche/OfrMonthlyRevisedSeries,P1D
country/USA,seiche/OfrMoneyMarketFundRepoFicc_Sum_Amount_Investment,2016-03-31,40580074.32,USDollar,seiche/OfrMonthlyRevisedSeries,P1D
country/USA,seiche/OfrMoneyMarketFundRepoFicc_Sum_Amount_Investment,2016-04-30,18541856.41,USDollar,seiche/OfrMonthlyRevisedSeries,P1D
country/USA,seiche/OfrMoneyMarketFundRepoFicc_Sum_Amount_Investment,2017-02-28,6203000,USDollar,seiche/OfrMonthlyRevisedSeries,P1D
country/USA,seiche/OfrMoneyMarketFundRepoFicc_Sum_Amount_Investment,2017-03-31,9389000,USDollar,seiche/OfrMonthlyRevisedSeries,P1D
country/USA,seiche/OfrMoneyMarketFundRepoFicc_Sum_Amount_Investment,2017-04-30,24096000,USDollar,seiche/OfrMonthlyRevisedSeries,P1D
country/USA,seiche/OfrMoneyMarketFundRepoFicc_Sum_Amount_Investment,2017-05-31,13567000,USDollar,seiche/OfrMonthlyRevisedSeries,P1D
country/USA,seiche/OfrMoneyMarketFundRepoFicc_Sum_Amount_Investment,2017-06-30,4883685181.49,USDollar,seiche/OfrMonthlyRevisedSeries,P1D
country/USA,seiche/OfrMoneyMarketFundRepoFicc_Sum_Amount_Investment,2017-07-31,5192338646.53,USDollar,seiche/OfrMonthlyRevisedSeries,P1D
country/USA,seiche/OfrMoneyMarketFundRepoFicc_Sum_Amount_Investment,2017-08-31,6504217487.5,USDollar,seiche/OfrMonthlyRevisedSeries,P1D
country/USA,seiche/OfrMoneyMarketFundRepoFicc_Sum_Amount_Investment,2017-09-30,15741483783.03,USDollar,seiche/OfrMonthlyRevisedSeries,P1D
country/USA,seiche/OfrMoneyMarketFundRepoFicc_Sum_Amount_Investment,2017-10-31,12489854710.57,USDollar,seiche/OfrMonthlyRevisedSeries,P1D
country/USA,seiche/OfrMoneyMarketFundRepoFicc_Sum_Amount_Investment,2017-11-30,13170145435.04,USDollar,seiche/OfrMonthlyRevisedSeries,P1D
country/USA,seiche/OfrMoneyMarketFundRepoFicc_Sum_Amount_Investment,2017-12-31,34003883847.36,USDollar,seiche/OfrMonthlyRevisedSeries,P1D
country/USA,seiche/OfrMoneyMarketFundRepoFicc_Sum_Amount_Investment,2018-01-31,21459967748.83,USDollar,seiche/OfrMonthlyRevisedSeries,P1D
country/USA,seiche/OfrMoneyMarketFundRepoFicc_Sum_Amount_Investment,2018-02-28,21314731871.1,USDollar,seiche/OfrMonthlyRevisedSeries,P1D
country/USA,seiche/OfrMoneyMarketFundRepoFicc_Sum_Amount_Investment,2018-03-31,23754997175.46,USDollar,seiche/OfrMonthlyRevisedSeries,P1D
country/USA,seiche/OfrMoneyMarketFundRepoFicc_Sum_Amount_Investment,2018-04-30,19706956021.2,USDollar,seiche/OfrMonthlyRevisedSeries,P1D
country/USA,seiche/OfrMoneyMarketFundRepoFicc_Sum_Amount_Investment,2018-05-31,47141589922.87,USDollar,seiche/OfrMonthlyRevisedSeries,P1D
country/USA,seiche/OfrMoneyMarketFundRepoFicc_Sum_Amount_Investment,2018-06-30,51395910610,USDollar,seiche/OfrMonthlyRevisedSeries,P1D
country/USA,seiche/OfrMoneyMarketFundRepoFicc_Sum_Amount_Investment,2018-07-31,44987980642.07,USDollar,seiche/OfrMonthlyRevisedSeries,P1D
country/USA,seiche/OfrMoneyMarketFundRepoFicc_Sum_Amount_Investment,2018-08-31,38348204728.36,USDollar,seiche/OfrMonthlyRevisedSeries,P1D
country/USA,seiche/OfrMoneyMarketFundRepoFicc_Sum_Amount_Investment,2018-09-30,81062125881.67,USDollar,seiche/OfrMonthlyRevisedSeries,P1D
country/USA,seiche/OfrMoneyMarketFundRepoFicc_Sum_Amount_Investment,2018-10-31,74292219742.69,USDollar,seiche/OfrMonthlyRevisedSeries,P1D
country/USA,seiche/OfrMoneyMarketFundRepoFicc_Sum_Amount_Investment,2018-11-30,84838432154.45,USDollar,seiche/OfrMonthlyRevisedSeries,P1D
country/USA,seiche/OfrMoneyMarketFundRepoFicc_Sum_Amount_Investment,2018-12-31,138839400382.09,USDollar,seiche/OfrMonthlyRevisedSeries,P1D
country/USA,seiche/OfrMoneyMarketFundRepoFicc_Sum_Amount_Investment,2019-01-31,95750865567.76,USDollar,seiche/OfrMonthlyRevisedSeries,P1D
country/USA,seiche/OfrMoneyMarketFundRepoFicc_Sum_Amount_Investment,2019-02-28,103027149795.45,USDollar,seiche/OfrMonthlyRevisedSeries,P1D
country/USA,seiche/OfrMoneyMarketFundRepoFicc_Sum_Amount_Investment,2019-03-31,97593404236.61,USDollar,seiche/OfrMonthlyRevisedSeries,P1D
country/USA,seiche/OfrMoneyMarketFundRepoFicc_Sum_Amount_Investment,2019-04-30,107248943868.17,USDollar,seiche/OfrMonthlyRevisedSeries,P1D
country/USA,seiche/OfrMoneyMarketFundRepoFicc_Sum_Amount_Investment,2019-05-31,154220987757.07,USDollar,seiche/OfrMonthlyRevisedSeries,P1D
country/USA,seiche/OfrMoneyMarketFundRepoFicc_Sum_Amount_Investment,2019-06-30,190005469970.79,USDollar,seiche/OfrMonthlyRevisedSeries,P1D
country/USA,seiche/OfrMoneyMarketFundRepoFicc_Sum_Amount_Investment,2019-07-31,204092094496.31,USDollar,seiche/OfrMonthlyRevisedSeries,P1D
country/USA,seiche/OfrMoneyMarketFundRepoFicc_Sum_Amount_Investment,2019-08-31,188340189862.84,USDollar,seiche/OfrMonthlyRevisedSeries,P1D
country/USA,seiche/OfrMoneyMarketFundRepoFicc_Sum_Amount_Investment,2019-09-30,169777288201.86,USDollar,seiche/OfrMonthlyRevisedSeries,P1D
country/USA,seiche/OfrMoneyMarketFundRepoFicc_Sum_Amount_Investment,2019-10-31,168202110590.71,USDollar,seiche/OfrMonthlyRevisedSeries,P1D
country/USA,seiche/OfrMoneyMarketFundRepoFicc_Sum_Amount_Investment,2019-11-30,141494310163.15,USDollar,seiche/OfrMonthlyRevisedSeries,P1D
country/USA,seiche/OfrMoneyMarketFundRepoFicc_Sum_Amount_Investment,2019-12-31,272016771175.47,USDollar,seiche/OfrMonthlyRevisedSeries,P1D
country/USA,seiche/OfrMoneyMarketFundRepoFicc_Sum_Amount_Investment,2020-01-31,234402721735.25,USDollar,seiche/OfrMonthlyRevisedSeries,P1D
country/USA,seiche/OfrMoneyMarketFundRepoFicc_Sum_Amount_Investment,2020-02-29,202084062571.14,USDollar,seiche/OfrMonthlyRevisedSeries,P1D
country/USA,seiche/OfrMoneyMarketFundRepoFicc_Sum_Amount_Investment,2020-03-31,259377390766.86,USDollar,seiche/OfrMonthlyRevisedSeries,P1D
country/USA,seiche/OfrMoneyMarketFundRepoFicc_Sum_Amount_Investment,2020-04-30,214089906945.28,USDollar,seiche/OfrMonthlyRevisedSeries,P1D
country/USA,seiche/OfrMoneyMarketFundRepoFicc_Sum_Amount_Investment,2020-05-31,132945207252.89,USDollar,seiche/OfrMonthlyRevisedSeries,P1D
country/USA,seiche/OfrMoneyMarketFundRepoFicc_Sum_Amount_Investment,2020-06-30,107068624022.86,USDollar,seiche/OfrMonthlyRevisedSeries,P1D
country/USA,seiche/OfrMoneyMarketFundRepoFicc_Sum_Amount_Investment,2020-07-31,101359308524.32,USDollar,seiche/OfrMonthlyRevisedSeries,P1D
country/USA,seiche/OfrMoneyMarketFundRepoFicc_Sum_Amount_Investment,2020-08-31,108678362052.07,USDollar,seiche/OfrMonthlyRevisedSeries,P1D
country/USA,seiche/OfrMoneyMarketFundRepoFicc_Sum_Amount_Investment,2020-09-30,138940422015.42,USDollar,seiche/OfrMonthlyRevisedSeries,P1D
country/USA,seiche/OfrMoneyMarketFundRepoFicc_Sum_Amount_Investment,2020-10-31,90255256368.47,USDollar,seiche/OfrMonthlyRevisedSeries,P1D
country/USA,seiche/OfrMoneyMarketFundRepoFicc_Sum_Amount_Investment,2020-11-30,141493805284.13,USDollar,seiche/OfrMonthlyRevisedSeries,P1D
country/USA,seiche/OfrMoneyMarketFundRepoFicc_Sum_Amount_Investment,2020-12-31,168747604733.72,USDollar,seiche/OfrMonthlyRevisedSeries,P1D
country/USA,seiche/OfrMoneyMarketFundRepoFicc_Sum_Amount_Investment,2021-01-31,104733483845.29,USDollar,seiche/OfrMonthlyRevisedSeries,P1D
country/USA,seiche/OfrMoneyMarketFundRepoFicc_Sum_Amount_Investment,2021-02-28,92550983784.98,USDollar,seiche/OfrMonthlyRevisedSeries,P1D
country/USA,seiche/OfrMoneyMarketFundRepoFicc_Sum_Amount_Investment,2021-03-31,115354230925.28,USDollar,seiche/OfrMonthlyRevisedSeries,P1D
country/USA,seiche/OfrMoneyMarketFundRepoFicc_Sum_Amount_Investment,2021-04-30,102967946427.28,USDollar,seiche/OfrMonthlyRevisedSeries,P1D
country/USA,seiche/OfrMoneyMarketFundRepoFicc_Sum_Amount_Investment,2021-05-31,72438669103.57,USDollar,seiche/OfrMonthlyRevisedSeries,P1D
country/USA,seiche/OfrMoneyMarketFundRepoFicc_Sum_Amount_Investment,2021-06-30,82810465919.5,USDollar,seiche/OfrMonthlyRevisedSeries,P1D
country/USA,seiche/OfrMoneyMarketFundRepoFicc_Sum_Amount_Investment,2021-07-31,77401004679.66,USDollar,seiche/OfrMonthlyRevisedSeries,P1D
country/USA,seiche/OfrMoneyMarketFundRepoFicc_Sum_Amount_Investment,2021-08-31,104885128227.83,USDollar,seiche/OfrMonthlyRevisedSeries,P1D
country/USA,seiche/OfrMoneyMarketFundRepoFicc_Sum_Amount_Investment,2021-09-30,91539814566.93,USDollar,seiche/OfrMonthlyRevisedSeries,P1D
country/USA,seiche/OfrMoneyMarketFundRepoFicc_Sum_Amount_Investment,2021-10-31,70106044933.75,USDollar,seiche/OfrMonthlyRevisedSeries,P1D
country/USA,seiche/OfrMoneyMarketFundRepoFicc_Sum_Amount_Investment,2021-11-30,137849422318.14,USDollar,seiche/OfrMonthlyRevisedSeries,P1D
country/USA,seiche/OfrMoneyMarketFundRepoFicc_Sum_Amount_Investment,2021-12-31,96959739147.76,USDollar,seiche/OfrMonthlyRevisedSeries,P1D
country/USA,seiche/OfrMoneyMarketFundRepoFicc_Sum_Amount_Investment,2022-01-31,101691865986.77,USDollar,seiche/OfrMonthlyRevisedSeries,P1D
country/USA,seiche/OfrMoneyMarketFundRepoFicc_Sum_Amount_Investment,2022-02-28,141210807442.76,USDollar,seiche/OfrMonthlyRevisedSeries,P1D
country/USA,seiche/OfrMoneyMarketFundRepoFicc_Sum_Amount_Investment,2022-03-31,96042925028.41,USDollar,seiche/OfrMonthlyRevisedSeries,P1D
country/USA,seiche/OfrMoneyMarketFundRepoFicc_Sum_Amount_Investment,2022-04-30,67199552110.58,USDollar,seiche/OfrMonthlyRevisedSeries,P1D
country/USA,seiche/OfrMoneyMarketFundRepoFicc_Sum_Amount_Investment,2022-05-31,87738407232.4,USDollar,seiche/OfrMonthlyRevisedSeries,P1D
country/USA,seiche/OfrMoneyMarketFundRepoFicc_Sum_Amount_Investment,2022-06-30,68391022447.21,USDollar,seiche/OfrMonthlyRevisedSeries,P1D
country/USA,seiche/OfrMoneyMarketFundRepoFicc_Sum_Amount_Investment,2022-07-31,46646194138.02,USDollar,seiche/OfrMonthlyRevisedSeries,P1D
country/USA,seiche/OfrMoneyMarketFundRepoFicc_Sum_Amount_Investment,2022-08-31,53283839285.61,USDollar,seiche/OfrMonthlyRevisedSeries,P1D
country/USA,seiche/OfrMoneyMarketFundRepoFicc_Sum_Amount_Investment,2022-09-30,64016048314.96,USDollar,seiche/OfrMonthlyRevisedSeries,P1D
country/USA,seiche/OfrMoneyMarketFundRepoFicc_Sum_Amount_Investment,2022-10-31,75564618426.72,USDollar,seiche/OfrMonthlyRevisedSeries,P1D
country/USA,seiche/OfrMoneyMarketFundRepoFicc_Sum_Amount_Investment,2022-11-30,126346106744.61,USDollar,seiche/OfrMonthlyRevisedSeries,P1D
country/USA,seiche/OfrMoneyMarketFundRepoFicc_Sum_Amount_Investment,2022-12-31,110147685534.35,USDollar,seiche/OfrMonthlyRevisedSeries,P1D
country/USA,seiche/OfrMoneyMarketFundRepoFicc_Sum_Amount_Investment,2023-01-31,188600158475.85,USDollar,seiche/OfrMonthlyRevisedSeries,P1D
country/USA,seiche/OfrMoneyMarketFundRepoFicc_Sum_Amount_Investment,2023-02-28,183853767381.41,USDollar,seiche/OfrMonthlyRevisedSeries,P1D
country/USA,seiche/OfrMoneyMarketFundRepoFicc_Sum_Amount_Investment,2023-03-31,237799917481.99,USDollar,seiche/OfrMonthlyRevisedSeries,P1D
country/USA,seiche/OfrMoneyMarketFundRepoFicc_Sum_Amount_Investment,2023-04-30,233620403255.17,USDollar,seiche/OfrMonthlyRevisedSeries,P1D
country/USA,seiche/OfrMoneyMarketFundRepoFicc_Sum_Amount_Investment,2023-05-31,339993510809.02,USDollar,seiche/OfrMonthlyRevisedSeries,P1D
country/USA,seiche/OfrMoneyMarketFundRepoFicc_Sum_Amount_Investment,2023-06-30,335118067841.16,USDollar,seiche/OfrMonthlyRevisedSeries,P1D
country/USA,seiche/OfrMoneyMarketFundRepoFicc_Sum_Amount_Investment,2023-07-31,330207968754.46,USDollar,seiche/OfrMonthlyRevisedSeries,P1D
country/USA,seiche/OfrMoneyMarketFundRepoFicc_Sum_Amount_Investment,2023-08-31,365719435115.69,USDollar,seiche/OfrMonthlyRevisedSeries,P1D
country/USA,seiche/OfrMoneyMarketFundRepoFicc_Sum_Amount_Investment,2023-09-30,365618183083.93,USDollar,seiche/OfrMonthlyRevisedSeries,P1D
country/USA,seiche/OfrMoneyMarketFundRepoFicc_Sum_Amount_Investment,2023-10-31,376844460601.36,USDollar,seiche/OfrMonthlyRevisedSeries,P1D
country/USA,seiche/OfrMoneyMarketFundRepoFicc_Sum_Amount_Investment,2023-11-30,419355351561.81,USDollar,seiche/OfrMonthlyRevisedSeries,P1D
country/USA,seiche/OfrMoneyMarketFundRepoFicc_Sum_Amount_Investment,2023-12-31,446680863000.27,USDollar,seiche/OfrMonthlyRevisedSeries,P1D
country/USA,seiche/OfrMoneyMarketFundRepoFicc_Sum_Amount_Investment,2024-01-31,483756431233.07,USDollar,seiche/OfrMonthlyRevisedSeries,P1D
country/USA,seiche/OfrMoneyMarketFundRepoFicc_Sum_Amount_Investment,2024-02-29,490618748757.72,USDollar,seiche/OfrMonthlyRevisedSeries,P1D
country/USA,seiche/OfrMoneyMarketFundRepoFicc_Sum_Amount_Investment,2024-03-31,504923291074.01,USDollar,seiche/OfrMonthlyRevisedSeries,P1D
country/USA,seiche/OfrMoneyMarketFundRepoFicc_Sum_Amount_Investment,2024-04-30,517371321308.52,USDollar,seiche/OfrMonthlyRevisedSeries,P1D
country/USA,seiche/OfrMoneyMarketFundRepoFicc_Sum_Amount_Investment,2024-05-31,532729095388.39,USDollar,seiche/OfrMonthlyRevisedSeries,P1D
country/USA,seiche/OfrMoneyMarketFundRepoFicc_Sum_Amount_Investment,2024-06-30,539091518002.01,USDollar,seiche/OfrMonthlyRevisedSeries,P1D
country/USA,seiche/OfrMoneyMarketFundRepoFicc_Sum_Amount_Investment,2024-07-31,634939834918.76,USDollar,seiche/OfrMonthlyRevisedSeries,P1D
country/USA,seiche/OfrMoneyMarketFundRepoFicc_Sum_Amount_Investment,2024-08-31,642900921326.54,USDollar,seiche/OfrMonthlyRevisedSeries,P1D
country/USA,seiche/OfrMoneyMarketFundRepoFicc_Sum_Amount_Investment,2024-09-30,797908811698.96,USDollar,seiche/OfrMonthlyRevisedSeries,P1D
country/USA,seiche/OfrMoneyMarketFundRepoFicc_Sum_Amount_Investment,2024-10-31,777885711965.95,USDollar,seiche/OfrMonthlyRevisedSeries,P1D
country/USA,seiche/OfrMoneyMarketFundRepoFicc_Sum_Amount_Investment,2024-11-30,786799057606.31,USDollar,seiche/OfrMonthlyRevisedSeries,P1D
country/USA,seiche/OfrMoneyMarketFundRepoFicc_Sum_Amount_Investment,2024-12-31,864694189313.88,USDollar,seiche/OfrMonthlyRevisedSeries,P1D
country/USA,seiche/OfrMoneyMarketFundRepoFicc_Sum_Amount_Investment,2025-01-31,915709142481.32,USDollar,seiche/OfrMonthlyRevisedSeries,P1D
country/USA,seiche/OfrMoneyMarketFundRepoFicc_Sum_Amount_Investment,2025-02-28,887255688957.77,USDollar,seiche/OfrMonthlyRevisedSeries,P1D
country/USA,seiche/OfrMoneyMarketFundRepoFicc_Sum_Amount_Investment,2025-03-31,927532737356.58,USDollar,seiche/OfrMonthlyRevisedSeries,P1D
country/USA,seiche/OfrMoneyMarketFundRepoFicc_Sum_Amount_Investment,2025-04-30,998889192095.19,USDollar,seiche/OfrMonthlyRevisedSeries,P1D
country/USA,seiche/OfrMoneyMarketFundRepoFicc_Sum_Amount_Investment,2025-05-31,939149271470.96,USDollar,seiche/OfrMonthlyRevisedSeries,P1D
country/USA,seiche/OfrMoneyMarketFundRepoFicc_Sum_Amount_Investment,2025-06-30,1073670938424.47,USDollar,seiche/OfrMonthlyRevisedSeries,P1D
country/USA,seiche/OfrMoneyMarketFundRepoFicc_Sum_Amount_Investment,2025-07-31,1104586852386.9,USDollar,seiche/OfrMonthlyRevisedSeries,P1D
country/USA,seiche/OfrMoneyMarketFundRepoFicc_Sum_Amount_Investment,2025-08-31,954952416179.43,USDollar,seiche/OfrMonthlyRevisedSeries,P1D
country/USA,seiche/OfrMoneyMarketFundRepoFicc_Sum_Amount_Investment,2025-09-30,1114928302370.02,USDollar,seiche/OfrMonthlyRevisedSeries,P1D
country/USA,seiche/OfrMoneyMarketFundRepoFicc_Sum_Amount_Investment,2025-10-31,1112522558460.61,USDollar,seiche/OfrMonthlyRevisedSeries,P1D
country/USA,seiche/OfrMoneyMarketFundRepoFicc_Sum_Amount_Investment,2025-11-30,1162622575826.26,USDollar,seiche/OfrMonthlyRevisedSeries,P1D
country/USA,seiche/OfrMoneyMarketFundRepoFicc_Sum_Amount_Investment,2025-12-31,1297873907336.85,USDollar,seiche/OfrMonthlyRevisedSeries,P1D
country/USA,seiche/OfrMoneyMarketFundRepoFicc_Sum_Amount_Investment,2026-01-31,1190256909031.09,USDollar,seiche/OfrMonthlyRevisedSeries,P1D
country/USA,seiche/OfrMoneyMarketFundRepoFicc_Sum_Amount_Investment,2026-02-28,1185076724533.84,USDollar,seiche/OfrMonthlyRevisedSeries,P1D
country/USA,seiche/OfrMoneyMarketFundRepoFicc_Sum_Amount_Investment,2026-03-31,1255687471551.98,USDollar,seiche/OfrMonthlyRevisedSeries,P1D
country/USA,seiche/OfrMoneyMarketFundRepoFicc_Sum_Amount_Investment,2026-04-30,1163911171920.43,USDollar,seiche/OfrMonthlyRevisedSeries,P1D
country/USA,seiche/OfrMoneyMarketFundRepoFicc_Sum_Amount_Investment,2026-05-31,1168724737512.84,USDollar,seiche/OfrMonthlyRevisedSeries,P1D
country/USA,seiche/OfrMoneyMarketFundRepoFicc_Sum_Amount_Investment,2026-06-30,1301062108365.04,USDollar,seiche/OfrMonthlyRevisedSeries,P1D
country/USA,seiche/OfrMoneyMarketFundRepoFicc_Sum_Amount_Investment,2026-07-31,1075930020676.2,USDollar,seiche/OfrMonthlyRevisedSeries,P1D
country/USA,seiche/OfrMoneyMarketFundRepoTotal_Sum_Amount_Investment,2010-11-30,655920338780.92,USDollar,seiche/OfrMonthlyRevisedSeries,P1D
country/USA,seiche/OfrMoneyMarketFundRepoTotal_Sum_Amount_Investment,2010-12-31,531220500803.24,USDollar,seiche/OfrMonthlyRevisedSeries,P1D
country/USA,seiche/OfrMoneyMarketFundRepoTotal_Sum_Amount_Investment,2011-01-31,584867835447.87,USDollar,seiche/OfrMonthlyRevisedSeries,P1D
country/USA,seiche/OfrMoneyMarketFundRepoTotal_Sum_Amount_Investment,2011-02-28,580302260865.91,USDollar,seiche/OfrMonthlyRevisedSeries,P1D
country/USA,seiche/OfrMoneyMarketFundRepoTotal_Sum_Amount_Investment,2011-03-31,500139182579.47,USDollar,seiche/OfrMonthlyRevisedSeries,P1D
country/USA,seiche/OfrMoneyMarketFundRepoTotal_Sum_Amount_Investment,2011-04-30,500746328255.21,USDollar,seiche/OfrMonthlyRevisedSeries,P1D
country/USA,seiche/OfrMoneyMarketFundRepoTotal_Sum_Amount_Investment,2011-05-31,562702824009.38,USDollar,seiche/OfrMonthlyRevisedSeries,P1D
country/USA,seiche/OfrMoneyMarketFundRepoTotal_Sum_Amount_Investment,2011-06-30,507321502041.05,USDollar,seiche/OfrMonthlyRevisedSeries,P1D
country/USA,seiche/OfrMoneyMarketFundRepoTotal_Sum_Amount_Investment,2011-07-31,532925861166.63,USDollar,seiche/OfrMonthlyRevisedSeries,P1D
country/USA,seiche/OfrMoneyMarketFundRepoTotal_Sum_Amount_Investment,2011-08-31,606506969589.03,USDollar,seiche/OfrMonthlyRevisedSeries,P1D
country/USA,seiche/OfrMoneyMarketFundRepoTotal_Sum_Amount_Investment,2011-09-30,541031507883.54,USDollar,seiche/OfrMonthlyRevisedSeries,P1D
country/USA,seiche/OfrMoneyMarketFundRepoTotal_Sum_Amount_Investment,2011-10-31,582513769263.08,USDollar,seiche/OfrMonthlyRevisedSeries,P1D
country/USA,seiche/OfrMoneyMarketFundRepoTotal_Sum_Amount_Investment,2011-11-30,608680115693.16,USDollar,seiche/OfrMonthlyRevisedSeries,P1D
country/USA,seiche/OfrMoneyMarketFundRepoTotal_Sum_Amount_Investment,2011-12-31,529642836276.99,USDollar,seiche/OfrMonthlyRevisedSeries,P1D
country/USA,seiche/OfrMoneyMarketFundRepoTotal_Sum_Amount_Investment,2012-01-31,618457688130.98,USDollar,seiche/OfrMonthlyRevisedSeries,P1D
country/USA,seiche/OfrMoneyMarketFundRepoTotal_Sum_Amount_Investment,2012-02-29,651038822318.88,USDollar,seiche/OfrMonthlyRevisedSeries,P1D
country/USA,seiche/OfrMoneyMarketFundRepoTotal_Sum_Amount_Investment,2012-03-31,570352995865.55,USDollar,seiche/OfrMonthlyRevisedSeries,P1D
country/USA,seiche/OfrMoneyMarketFundRepoTotal_Sum_Amount_Investment,2012-04-30,646465572365.03,USDollar,seiche/OfrMonthlyRevisedSeries,P1D
country/USA,seiche/OfrMoneyMarketFundRepoTotal_Sum_Amount_Investment,2012-05-31,648723553013.44,USDollar,seiche/OfrMonthlyRevisedSeries,P1D
country/USA,seiche/OfrMoneyMarketFundRepoTotal_Sum_Amount_Investment,2012-06-30,590779757782.67,USDollar,seiche/OfrMonthlyRevisedSeries,P1D
country/USA,seiche/OfrMoneyMarketFundRepoTotal_Sum_Amount_Investment,2012-07-31,649566756811.44,USDollar,seiche/OfrMonthlyRevisedSeries,P1D
country/USA,seiche/OfrMoneyMarketFundRepoTotal_Sum_Amount_Investment,2012-08-31,663476465986.78,USDollar,seiche/OfrMonthlyRevisedSeries,P1D
country/USA,seiche/OfrMoneyMarketFundRepoTotal_Sum_Amount_Investment,2012-09-30,560986923814.27,USDollar,seiche/OfrMonthlyRevisedSeries,P1D
country/USA,seiche/OfrMoneyMarketFundRepoTotal_Sum_Amount_Investment,2012-10-31,669782875630.13,USDollar,seiche/OfrMonthlyRevisedSeries,P1D
country/USA,seiche/OfrMoneyMarketFundRepoTotal_Sum_Amount_Investment,2012-11-30,702756734171.93,USDollar,seiche/OfrMonthlyRevisedSeries,P1D
country/USA,seiche/OfrMoneyMarketFundRepoTotal_Sum_Amount_Investment,2012-12-31,591027432819.85,USDollar,seiche/OfrMonthlyRevisedSeries,P1D
country/USA,seiche/OfrMoneyMarketFundRepoTotal_Sum_Amount_Investment,2013-01-31,631053417075.73,USDollar,seiche/OfrMonthlyRevisedSeries,P1D
country/USA,seiche/OfrMoneyMarketFundRepoTotal_Sum_Amount_Investment,2013-02-28,603592966843.64,USDollar,seiche/OfrMonthlyRevisedSeries,P1D
country/USA,seiche/OfrMoneyMarketFundRepoTotal_Sum_Amount_Investment,2013-03-31,515060070414.44,USDollar,seiche/OfrMonthlyRevisedSeries,P1D
country/USA,seiche/OfrMoneyMarketFundRepoTotal_Sum_Amount_Investment,2013-04-30,591435161334.03,USDollar,seiche/OfrMonthlyRevisedSeries,P1D
country/USA,seiche/OfrMoneyMarketFundRepoTotal_Sum_Amount_Investment,2013-05-31,569224597403.11,USDollar,seiche/OfrMonthlyRevisedSeries,P1D
country/USA,seiche/OfrMoneyMarketFundRepoTotal_Sum_Amount_Investment,2013-06-30,489217745605.03,USDollar,seiche/OfrMonthlyRevisedSeries,P1D
country/USA,seiche/OfrMoneyMarketFundRepoTotal_Sum_Amount_Investment,2013-07-31,526983414535.92,USDollar,seiche/OfrMonthlyRevisedSeries,P1D
country/USA,seiche/OfrMoneyMarketFundRepoTotal_Sum_Amount_Investment,2013-08-31,496778007319.99,USDollar,seiche/OfrMonthlyRevisedSeries,P1D
country/USA,seiche/OfrMoneyMarketFundRepoTotal_Sum_Amount_Investment,2013-09-30,542982786998.64,USDollar,seiche/OfrMonthlyRevisedSeries,P1D
country/USA,seiche/OfrMoneyMarketFundRepoTotal_Sum_Amount_Investment,2013-10-31,537178901838.16,USDollar,seiche/OfrMonthlyRevisedSeries,P1D
country/USA,seiche/OfrMoneyMarketFundRepoTotal_Sum_Amount_Investment,2013-11-30,499895622660.19,USDollar,seiche/OfrMonthlyRevisedSeries,P1D
country/USA,seiche/OfrMoneyMarketFundRepoTotal_Sum_Amount_Investment,2013-12-31,558020695250.88,USDollar,seiche/OfrMonthlyRevisedSeries,P1D
country/USA,seiche/OfrMoneyMarketFundRepoTotal_Sum_Amount_Investment,2014-01-31,535562577335.43,USDollar,seiche/OfrMonthlyRevisedSeries,P1D
country/USA,seiche/OfrMoneyMarketFundRepoTotal_Sum_Amount_Investment,2014-02-28,542104837079.19,USDollar,seiche/OfrMonthlyRevisedSeries,P1D
country/USA,seiche/OfrMoneyMarketFundRepoTotal_Sum_Amount_Investment,2014-03-31,592503026505.55,USDollar,seiche/OfrMonthlyRevisedSeries,P1D
country/USA,seiche/OfrMoneyMarketFundRepoTotal_Sum_Amount_Investment,2014-04-30,557079995561.76,USDollar,seiche/OfrMonthlyRevisedSeries,P1D
country/USA,seiche/OfrMoneyMarketFundRepoTotal_Sum_Amount_Investment,2014-05-31,576149513580.76,USDollar,seiche/OfrMonthlyRevisedSeries,P1D
country/USA,seiche/OfrMoneyMarketFundRepoTotal_Sum_Amount_Investment,2014-06-30,652736819658.57,USDollar,seiche/OfrMonthlyRevisedSeries,P1D
country/USA,seiche/OfrMoneyMarketFundRepoTotal_Sum_Amount_Investment,2014-07-31,561748601932.87,USDollar,seiche/OfrMonthlyRevisedSeries,P1D
country/USA,seiche/OfrMoneyMarketFundRepoTotal_Sum_Amount_Investment,2014-08-31,566226407136.47,USDollar,seiche/OfrMonthlyRevisedSeries,P1D
country/USA,seiche/OfrMoneyMarketFundRepoTotal_Sum_Amount_Investment,2014-09-30,632428032064.31,USDollar,seiche/OfrMonthlyRevisedSeries,P1D
country/USA,seiche/OfrMoneyMarketFundRepoTotal_Sum_Amount_Investment,2014-10-31,567263091095.61,USDollar,seiche/OfrMonthlyRevisedSeries,P1D
country/USA,seiche/OfrMoneyMarketFundRepoTotal_Sum_Amount_Investment,2014-11-30,575576127355.85,USDollar,seiche/OfrMonthlyRevisedSeries,P1D
country/USA,seiche/OfrMoneyMarketFundRepoTotal_Sum_Amount_Investment,2014-12-31,704713074402.46,USDollar,seiche/OfrMonthlyRevisedSeries,P1D
country/USA,seiche/OfrMoneyMarketFundRepoTotal_Sum_Amount_Investment,2015-01-31,564166351012.77,USDollar,seiche/OfrMonthlyRevisedSeries,P1D
country/USA,seiche/OfrMoneyMarketFundRepoTotal_Sum_Amount_Investment,2015-02-28,586641991148.61,USDollar,seiche/OfrMonthlyRevisedSeries,P1D
country/USA,seiche/OfrMoneyMarketFundRepoTotal_Sum_Amount_Investment,2015-03-31,686633396188.1,USDollar,seiche/OfrMonthlyRevisedSeries,P1D
country/USA,seiche/OfrMoneyMarketFundRepoTotal_Sum_Amount_Investment,2015-04-30,561353656881.94,USDollar,seiche/OfrMonthlyRevisedSeries,P1D
country/USA,seiche/OfrMoneyMarketFundRepoTotal_Sum_Amount_Investment,2015-05-31,568390811905.87,USDollar,seiche/OfrMonthlyRevisedSeries,P1D
country/USA,seiche/OfrMoneyMarketFundRepoTotal_Sum_Amount_Investment,2015-06-30,700133174375.4,USDollar,seiche/OfrMonthlyRevisedSeries,P1D
country/USA,seiche/OfrMoneyMarketFundRepoTotal_Sum_Amount_Investment,2015-07-31,588563672552.47,USDollar,seiche/OfrMonthlyRevisedSeries,P1D
country/USA,seiche/OfrMoneyMarketFundRepoTotal_Sum_Amount_Investment,2015-08-31,597780158812.28,USDollar,seiche/OfrMonthlyRevisedSeries,P1D
country/USA,seiche/OfrMoneyMarketFundRepoTotal_Sum_Amount_Investment,2015-09-30,766365848880.12,USDollar,seiche/OfrMonthlyRevisedSeries,P1D
country/USA,seiche/OfrMoneyMarketFundRepoTotal_Sum_Amount_Investment,2015-10-31,651393729235.17,USDollar,seiche/OfrMonthlyRevisedSeries,P1D
country/USA,seiche/OfrMoneyMarketFundRepoTotal_Sum_Amount_Investment,2015-11-30,596277187865.31,USDollar,seiche/OfrMonthlyRevisedSeries,P1D
country/USA,seiche/OfrMoneyMarketFundRepoTotal_Sum_Amount_Investment,2015-12-31,771897436810.74,USDollar,seiche/OfrMonthlyRevisedSeries,P1D
country/USA,seiche/OfrMoneyMarketFundRepoTotal_Sum_Amount_Investment,2016-01-31,585396044325.85,USDollar,seiche/OfrMonthlyRevisedSeries,P1D
country/USA,seiche/OfrMoneyMarketFundRepoTotal_Sum_Amount_Investment,2016-02-29,594237522470.34,USDollar,seiche/OfrMonthlyRevisedSeries,P1D
country/USA,seiche/OfrMoneyMarketFundRepoTotal_Sum_Amount_Investment,2016-03-31,651148994719.03,USDollar,seiche/OfrMonthlyRevisedSeries,P1D
country/USA,seiche/OfrMoneyMarketFundRepoTotal_Sum_Amount_Investment,2016-04-30,578626162872.76,USDollar,seiche/OfrMonthlyRevisedSeries,P1D
country/USA,seiche/OfrMoneyMarketFundRepoTotal_Sum_Amount_Investment,2016-05-31,609040881023.34,USDollar,seiche/OfrMonthlyRevisedSeries,P1D
country/USA,seiche/OfrMoneyMarketFundRepoTotal_Sum_Amount_Investment,2016-06-30,688013540886.25,USDollar,seiche/OfrMonthlyRevisedSeries,P1D
country/USA,seiche/OfrMoneyMarketFundRepoTotal_Sum_Amount_Investment,2016-07-31,666624269395.73,USDollar,seiche/OfrMonthlyRevisedSeries,P1D
country/USA,seiche/OfrMoneyMarketFundRepoTotal_Sum_Amount_Investment,2016-08-31,772513996882.58,USDollar,seiche/OfrMonthlyRevisedSeries,P1D
country/USA,seiche/OfrMoneyMarketFundRepoTotal_Sum_Amount_Investment,2016-09-30,910850404619.18,USDollar,seiche/OfrMonthlyRevisedSeries,P1D
country/USA,seiche/OfrMoneyMarketFundRepoTotal_Sum_Amount_Investment,2016-10-31,835046616483.47,USDollar,seiche/OfrMonthlyRevisedSeries,P1D
country/USA,seiche/OfrMoneyMarketFundRepoTotal_Sum_Amount_Investment,2016-11-30,813332548398.87,USDollar,seiche/OfrMonthlyRevisedSeries,P1D
country/USA,seiche/OfrMoneyMarketFundRepoTotal_Sum_Amount_Investment,2016-12-31,854911264624.6,USDollar,seiche/OfrMonthlyRevisedSeries,P1D
country/USA,seiche/OfrMoneyMarketFundRepoTotal_Sum_Amount_Investment,2017-01-31,818488559217.35,USDollar,seiche/OfrMonthlyRevisedSeries,P1D
country/USA,seiche/OfrMoneyMarketFundRepoTotal_Sum_Amount_Investment,2017-02-28,847109766921.69,USDollar,seiche/OfrMonthlyRevisedSeries,P1D
country/USA,seiche/OfrMoneyMarketFundRepoTotal_Sum_Amount_Investment,2017-03-31,870016575709.45,USDollar,seiche/OfrMonthlyRevisedSeries,P1D
country/USA,seiche/OfrMoneyMarketFundRepoTotal_Sum_Amount_Investment,2017-04-30,888640145688.45,USDollar,seiche/OfrMonthlyRevisedSeries,P1D
country/USA,seiche/OfrMoneyMarketFundRepoTotal_Sum_Amount_Investment,2017-05-31,969898322227.56,USDollar,seiche/OfrMonthlyRevisedSeries,P1D
country/USA,seiche/OfrMoneyMarketFundRepoTotal_Sum_Amount_Investment,2017-06-30,984648857285.96,USDollar,seiche/OfrMonthlyRevisedSeries,P1D
country/USA,seiche/OfrMoneyMarketFundRepoTotal_Sum_Amount_Investment,2017-07-31,927196135678.96,USDollar,seiche/OfrMonthlyRevisedSeries,P1D
country/USA,seiche/OfrMoneyMarketFundRepoTotal_Sum_Amount_Investment,2017-08-31,989941567698.8,USDollar,seiche/OfrMonthlyRevisedSeries,P1D
country/USA,seiche/OfrMoneyMarketFundRepoTotal_Sum_Amount_Investment,2017-09-30,985107359534.05,USDollar,seiche/OfrMonthlyRevisedSeries,P1D
country/USA,seiche/OfrMoneyMarketFundRepoTotal_Sum_Amount_Investment,2017-10-31,982207055432.08,USDollar,seiche/OfrMonthlyRevisedSeries,P1D
country/USA,seiche/OfrMoneyMarketFundRepoTotal_Sum_Amount_Investment,2017-11-30,963077992251.66,USDollar,seiche/OfrMonthlyRevisedSeries,P1D
country/USA,seiche/OfrMoneyMarketFundRepoTotal_Sum_Amount_Investment,2017-12-31,1028202503638.53,USDollar,seiche/OfrMonthlyRevisedSeries,P1D
country/USA,seiche/OfrMoneyMarketFundRepoTotal_Sum_Amount_Investment,2018-01-31,947127848328.01,USDollar,seiche/OfrMonthlyRevisedSeries,P1D
country/USA,seiche/OfrMoneyMarketFundRepoTotal_Sum_Amount_Investment,2018-02-28,924276946745.73,USDollar,seiche/OfrMonthlyRevisedSeries,P1D
country/USA,seiche/OfrMoneyMarketFundRepoTotal_Sum_Amount_Investment,2018-03-31,836357182636.13,USDollar,seiche/OfrMonthlyRevisedSeries,P1D
country/USA,seiche/OfrMoneyMarketFundRepoTotal_Sum_Amount_Investment,2018-04-30,943097192100.89,USDollar,seiche/OfrMonthlyRevisedSeries,P1D
country/USA,seiche/OfrMoneyMarketFundRepoTotal_Sum_Amount_Investment,2018-05-31,1008054020378.53,USDollar,seiche/OfrMonthlyRevisedSeries,P1D
country/USA,seiche/OfrMoneyMarketFundRepoTotal_Sum_Amount_Investment,2018-06-30,973604505066.36,USDollar,seiche/OfrMonthlyRevisedSeries,P1D
country/USA,seiche/OfrMoneyMarketFundRepoTotal_Sum_Amount_Investment,2018-07-31,983106398320.87,USDollar,seiche/OfrMonthlyRevisedSeries,P1D
country/USA,seiche/OfrMoneyMarketFundRepoTotal_Sum_Amount_Investment,2018-08-31,966400329811.26,USDollar,seiche/OfrMonthlyRevisedSeries,P1D
country/USA,seiche/OfrMoneyMarketFundRepoTotal_Sum_Amount_Investment,2018-09-30,986552520472.91,USDollar,seiche/OfrMonthlyRevisedSeries,P1D
country/USA,seiche/OfrMoneyMarketFundRepoTotal_Sum_Amount_Investment,2018-10-31,1001453565588.39,USDollar,seiche/OfrMonthlyRevisedSeries,P1D
country/USA,seiche/OfrMoneyMarketFundRepoTotal_Sum_Amount_Investment,2018-11-30,1019332151135.25,USDollar,seiche/OfrMonthlyRevisedSeries,P1D
country/USA,seiche/OfrMoneyMarketFundRepoTotal_Sum_Amount_Investment,2018-12-31,1057763671462.6,USDollar,seiche/OfrMonthlyRevisedSeries,P1D
country/USA,seiche/OfrMoneyMarketFundRepoTotal_Sum_Amount_Investment,2019-01-31,1097848876324.82,USDollar,seiche/OfrMonthlyRevisedSeries,P1D
country/USA,seiche/OfrMoneyMarketFundRepoTotal_Sum_Amount_Investment,2019-02-28,1092863267615.37,USDollar,seiche/OfrMonthlyRevisedSeries,P1D
country/USA,seiche/OfrMoneyMarketFundRepoTotal_Sum_Amount_Investment,2019-03-31,1034224563692.12,USDollar,seiche/OfrMonthlyRevisedSeries,P1D
country/USA,seiche/OfrMoneyMarketFundRepoTotal_Sum_Amount_Investment,2019-04-30,1120466853241.74,USDollar,seiche/OfrMonthlyRevisedSeries,P1D
country/USA,seiche/OfrMoneyMarketFundRepoTotal_Sum_Amount_Investment,2019-05-31,1183548011261.04,USDollar,seiche/OfrMonthlyRevisedSeries,P1D
country/USA,seiche/OfrMoneyMarketFundRepoTotal_Sum_Amount_Investment,2019-06-30,1211275021397.77,USDollar,seiche/OfrMonthlyRevisedSeries,P1D
country/USA,seiche/OfrMoneyMarketFundRepoTotal_Sum_Amount_Investment,2019-07-31,1287996728532.97,USDollar,seiche/OfrMonthlyRevisedSeries,P1D
country/USA,seiche/OfrMoneyMarketFundRepoTotal_Sum_Amount_Investment,2019-08-31,1307789939207.2,USDollar,seiche/OfrMonthlyRevisedSeries,P1D
country/USA,seiche/OfrMoneyMarketFundRepoTotal_Sum_Amount_Investment,2019-09-30,1230972527041.85,USDollar,seiche/OfrMonthlyRevisedSeries,P1D
country/USA,seiche/OfrMoneyMarketFundRepoTotal_Sum_Amount_Investment,2019-10-31,1204285203907.58,USDollar,seiche/OfrMonthlyRevisedSeries,P1D
country/USA,seiche/OfrMoneyMarketFundRepoTotal_Sum_Amount_Investment,2019-11-30,1166173933278.06,USDollar,seiche/OfrMonthlyRevisedSeries,P1D
country/USA,seiche/OfrMoneyMarketFundRepoTotal_Sum_Amount_Investment,2019-12-31,1243302520945.45,USDollar,seiche/OfrMonthlyRevisedSeries,P1D
country/USA,seiche/OfrMoneyMarketFundRepoTotal_Sum_Amount_Investment,2020-01-31,1308214255256.06,USDollar,seiche/OfrMonthlyRevisedSeries,P1D
country/USA,seiche/OfrMoneyMarketFundRepoTotal_Sum_Amount_Investment,2020-02-29,1325994859656.33,USDollar,seiche/OfrMonthlyRevisedSeries,P1D
country/USA,seiche/OfrMoneyMarketFundRepoTotal_Sum_Amount_Investment,2020-03-31,1551306233780.65,USDollar,seiche/OfrMonthlyRevisedSeries,P1D
country/USA,seiche/OfrMoneyMarketFundRepoTotal_Sum_Amount_Investment,2020-04-30,1290022397092.06,USDollar,seiche/OfrMonthlyRevisedSeries,P1D
country/USA,seiche/OfrMoneyMarketFundRepoTotal_Sum_Amount_Investment,2020-05-31,1078435347454.93,USDollar,seiche/OfrMonthlyRevisedSeries,P1D
country/USA,seiche/OfrMoneyMarketFundRepoTotal_Sum_Amount_Investment,2020-06-30,952829967411.03,USDollar,seiche/OfrMonthlyRevisedSeries,P1D
country/USA,seiche/OfrMoneyMarketFundRepoTotal_Sum_Amount_Investment,2020-07-31,992177763971.69,USDollar,seiche/OfrMonthlyRevisedSeries,P1D
country/USA,seiche/OfrMoneyMarketFundRepoTotal_Sum_Amount_Investment,2020-08-31,1041957549879.48,USDollar,seiche/OfrMonthlyRevisedSeries,P1D
country/USA,seiche/OfrMoneyMarketFundRepoTotal_Sum_Amount_Investment,2020-09-30,1049788992247.13,USDollar,seiche/OfrMonthlyRevisedSeries,P1D
country/USA,seiche/OfrMoneyMarketFundRepoTotal_Sum_Amount_Investment,2020-10-31,997615835321.76,USDollar,seiche/OfrMonthlyRevisedSeries,P1D
country/USA,seiche/OfrMoneyMarketFundRepoTotal_Sum_Amount_Investment,2020-11-30,1079600324693.57,USDollar,seiche/OfrMonthlyRevisedSeries,P1D
country/USA,seiche/OfrMoneyMarketFundRepoTotal_Sum_Amount_Investment,2020-12-31,1068772516021.04,USDollar,seiche/OfrMonthlyRevisedSeries,P1D
country/USA,seiche/OfrMoneyMarketFundRepoTotal_Sum_Amount_Investment,2021-01-31,1004529622340.64,USDollar,seiche/OfrMonthlyRevisedSeries,P1D
country/USA,seiche/OfrMoneyMarketFundRepoTotal_Sum_Amount_Investment,2021-02-28,1083474462664,USDollar,seiche/OfrMonthlyRevisedSeries,P1D
country/USA,seiche/OfrMoneyMarketFundRepoTotal_Sum_Amount_Investment,2021-03-31,1194817680984.6,USDollar,seiche/OfrMonthlyRevisedSeries,P1D
country/USA,seiche/OfrMoneyMarketFundRepoTotal_Sum_Amount_Investment,2021-04-30,1246501838936.6,USDollar,seiche/OfrMonthlyRevisedSeries,P1D
country/USA,seiche/OfrMoneyMarketFundRepoTotal_Sum_Amount_Investment,2021-05-31,1442359317589.42,USDollar,seiche/OfrMonthlyRevisedSeries,P1D
country/USA,seiche/OfrMoneyMarketFundRepoTotal_Sum_Amount_Investment,2021-06-30,1714793446802.63,USDollar,seiche/OfrMonthlyRevisedSeries,P1D
country/USA,seiche/OfrMoneyMarketFundRepoTotal_Sum_Amount_Investment,2021-07-31,1781967546350.53,USDollar,seiche/OfrMonthlyRevisedSeries,P1D
country/USA,seiche/OfrMoneyMarketFundRepoTotal_Sum_Amount_Investment,2021-08-31,1960524008034.98,USDollar,seiche/OfrMonthlyRevisedSeries,P1D
country/USA,seiche/OfrMoneyMarketFundRepoTotal_Sum_Amount_Investment,2021-09-30,2263565187414.64,USDollar,seiche/OfrMonthlyRevisedSeries,P1D
country/USA,seiche/OfrMoneyMarketFundRepoTotal_Sum_Amount_Investment,2021-10-31,2156198658619.88,USDollar,seiche/OfrMonthlyRevisedSeries,P1D
country/USA,seiche/OfrMoneyMarketFundRepoTotal_Sum_Amount_Investment,2021-11-30,2285401215142.9,USDollar,seiche/OfrMonthlyRevisedSeries,P1D
country/USA,seiche/OfrMoneyMarketFundRepoTotal_Sum_Amount_Investment,2021-12-31,2495743254728.92,USDollar,seiche/OfrMonthlyRevisedSeries,P1D
country/USA,seiche/OfrMoneyMarketFundRepoTotal_Sum_Amount_Investment,2022-01-31,2262428279833.59,USDollar,seiche/OfrMonthlyRevisedSeries,P1D
country/USA,seiche/OfrMoneyMarketFundRepoTotal_Sum_Amount_Investment,2022-02-28,2288197904647.19,USDollar,seiche/OfrMonthlyRevisedSeries,P1D
country/USA,seiche/OfrMoneyMarketFundRepoTotal_Sum_Amount_Investment,2022-03-31,2376904381859.64,USDollar,seiche/OfrMonthlyRevisedSeries,P1D
country/USA,seiche/OfrMoneyMarketFundRepoTotal_Sum_Amount_Investment,2022-04-30,2369022812957.33,USDollar,seiche/OfrMonthlyRevisedSeries,P1D
country/USA,seiche/OfrMoneyMarketFundRepoTotal_Sum_Amount_Investment,2022-05-31,2423534356044.41,USDollar,seiche/OfrMonthlyRevisedSeries,P1D
country/USA,seiche/OfrMoneyMarketFundRepoTotal_Sum_Amount_Investment,2022-06-30,2596004151230.44,USDollar,seiche/OfrMonthlyRevisedSeries,P1D
country/USA,seiche/OfrMoneyMarketFundRepoTotal_Sum_Amount_Investment,2022-07-31,2643549249312.46,USDollar,seiche/OfrMonthlyRevisedSeries,P1D
country/USA,seiche/OfrMoneyMarketFundRepoTotal_Sum_Amount_Investment,2022-08-31,2668897776985.7,USDollar,seiche/OfrMonthlyRevisedSeries,P1D
country/USA,seiche/OfrMoneyMarketFundRepoTotal_Sum_Amount_Investment,2022-09-30,2743705650136.65,USDollar,seiche/OfrMonthlyRevisedSeries,P1D
country/USA,seiche/OfrMoneyMarketFundRepoTotal_Sum_Amount_Investment,2022-10-31,2735066488366.29,USDollar,seiche/OfrMonthlyRevisedSeries,P1D
country/USA,seiche/OfrMoneyMarketFundRepoTotal_Sum_Amount_Investment,2022-11-30,2707405413397.41,USDollar,seiche/OfrMonthlyRevisedSeries,P1D
country/USA,seiche/OfrMoneyMarketFundRepoTotal_Sum_Amount_Investment,2022-12-31,2976683082328.49,USDollar,seiche/OfrMonthlyRevisedSeries,P1D
country/USA,seiche/OfrMoneyMarketFundRepoTotal_Sum_Amount_Investment,2023-01-31,2862410460866.14,USDollar,seiche/OfrMonthlyRevisedSeries,P1D
country/USA,seiche/OfrMoneyMarketFundRepoTotal_Sum_Amount_Investment,2023-02-28,2964904501925.75,USDollar,seiche/OfrMonthlyRevisedSeries,P1D
country/USA,seiche/OfrMoneyMarketFundRepoTotal_Sum_Amount_Investment,2023-03-31,3235217870554.72,USDollar,seiche/OfrMonthlyRevisedSeries,P1D
country/USA,seiche/OfrMoneyMarketFundRepoTotal_Sum_Amount_Investment,2023-04-30,3270358494410.62,USDollar,seiche/OfrMonthlyRevisedSeries,P1D
country/USA,seiche/OfrMoneyMarketFundRepoTotal_Sum_Amount_Investment,2023-05-31,3379918938780.24,USDollar,seiche/OfrMonthlyRevisedSeries,P1D
country/USA,seiche/OfrMoneyMarketFundRepoTotal_Sum_Amount_Investment,2023-06-30,3233186267581.02,USDollar,seiche/OfrMonthlyRevisedSeries,P1D
country/USA,seiche/OfrMoneyMarketFundRepoTotal_Sum_Amount_Investment,2023-07-31,3130121280761.76,USDollar,seiche/OfrMonthlyRevisedSeries,P1D
country/USA,seiche/OfrMoneyMarketFundRepoTotal_Sum_Amount_Investment,2023-08-31,3031780054412.06,USDollar,seiche/OfrMonthlyRevisedSeries,P1D
country/USA,seiche/OfrMoneyMarketFundRepoTotal_Sum_Amount_Investment,2023-09-30,2948803944805.14,USDollar,seiche/OfrMonthlyRevisedSeries,P1D
country/USA,seiche/OfrMoneyMarketFundRepoTotal_Sum_Amount_Investment,2023-10-31,2628784592375.21,USDollar,seiche/OfrMonthlyRevisedSeries,P1D
country/USA,seiche/OfrMoneyMarketFundRepoTotal_Sum_Amount_Investment,2023-11-30,2592078744187.28,USDollar,seiche/OfrMonthlyRevisedSeries,P1D
country/USA,seiche/OfrMoneyMarketFundRepoTotal_Sum_Amount_Investment,2023-12-31,2665978927991.24,USDollar,seiche/OfrMonthlyRevisedSeries,P1D
country/USA,seiche/OfrMoneyMarketFundRepoTotal_Sum_Amount_Investment,2024-01-31,2497197036719.95,USDollar,seiche/OfrMonthlyRevisedSeries,P1D
country/USA,seiche/OfrMoneyMarketFundRepoTotal_Sum_Amount_Investment,2024-02-29,2365674626463.01,USDollar,seiche/OfrMonthlyRevisedSeries,P1D
country/USA,seiche/OfrMoneyMarketFundRepoTotal_Sum_Amount_Investment,2024-03-31,2381748184838.4,USDollar,seiche/OfrMonthlyRevisedSeries,P1D
country/USA,seiche/OfrMoneyMarketFundRepoTotal_Sum_Amount_Investment,2024-04-30,2471977604659.14,USDollar,seiche/OfrMonthlyRevisedSeries,P1D
country/USA,seiche/OfrMoneyMarketFundRepoTotal_Sum_Amount_Investment,2024-05-31,2500986548148.83,USDollar,seiche/OfrMonthlyRevisedSeries,P1D
country/USA,seiche/OfrMoneyMarketFundRepoTotal_Sum_Amount_Investment,2024-06-30,2614942560919.55,USDollar,seiche/OfrMonthlyRevisedSeries,P1D
country/USA,seiche/OfrMoneyMarketFundRepoTotal_Sum_Amount_Investment,2024-07-31,2583044440485.92,USDollar,seiche/OfrMonthlyRevisedSeries,P1D
country/USA,seiche/OfrMoneyMarketFundRepoTotal_Sum_Amount_Investment,2024-08-31,2539439960653.35,USDollar,seiche/OfrMonthlyRevisedSeries,P1D
country/USA,seiche/OfrMoneyMarketFundRepoTotal_Sum_Amount_Investment,2024-09-30,2688377336547.06,USDollar,seiche/OfrMonthlyRevisedSeries,P1D
country/USA,seiche/OfrMoneyMarketFundRepoTotal_Sum_Amount_Investment,2024-10-31,2433441157828.01,USDollar,seiche/OfrMonthlyRevisedSeries,P1D
country/USA,seiche/OfrMoneyMarketFundRepoTotal_Sum_Amount_Investment,2024-11-30,2412188800598.72,USDollar,seiche/OfrMonthlyRevisedSeries,P1D
country/USA,seiche/OfrMoneyMarketFundRepoTotal_Sum_Amount_Investment,2024-12-31,2620199990380.94,USDollar,seiche/OfrMonthlyRevisedSeries,P1D
country/USA,seiche/OfrMoneyMarketFundRepoTotal_Sum_Amount_Investment,2025-01-31,2550765092866.76,USDollar,seiche/OfrMonthlyRevisedSeries,P1D
country/USA,seiche/OfrMoneyMarketFundRepoTotal_Sum_Amount_Investment,2025-02-28,2728599596333.52,USDollar,seiche/OfrMonthlyRevisedSeries,P1D
country/USA,seiche/OfrMoneyMarketFundRepoTotal_Sum_Amount_Investment,2025-03-31,2821299910486.78,USDollar,seiche/OfrMonthlyRevisedSeries,P1D
country/USA,seiche/OfrMoneyMarketFundRepoTotal_Sum_Amount_Investment,2025-04-30,2851644834044.22,USDollar,seiche/OfrMonthlyRevisedSeries,P1D
country/USA,seiche/OfrMoneyMarketFundRepoTotal_Sum_Amount_Investment,2025-05-31,2913514876934.19,USDollar,seiche/OfrMonthlyRevisedSeries,P1D
country/USA,seiche/OfrMoneyMarketFundRepoTotal_Sum_Amount_Investment,2025-06-30,3105344549795.94,USDollar,seiche/OfrMonthlyRevisedSeries,P1D
country/USA,seiche/OfrMoneyMarketFundRepoTotal_Sum_Amount_Investment,2025-07-31,2977320281990.31,USDollar,seiche/OfrMonthlyRevisedSeries,P1D
country/USA,seiche/OfrMoneyMarketFundRepoTotal_Sum_Amount_Investment,2025-08-31,2743402724051.24,USDollar,seiche/OfrMonthlyRevisedSeries,P1D
country/USA,seiche/OfrMoneyMarketFundRepoTotal_Sum_Amount_Investment,2025-09-30,2772422871814.5,USDollar,seiche/OfrMonthlyRevisedSeries,P1D
country/USA,seiche/OfrMoneyMarketFundRepoTotal_Sum_Amount_Investment,2025-10-31,2765828659052.33,USDollar,seiche/OfrMonthlyRevisedSeries,P1D
country/USA,seiche/OfrMoneyMarketFundRepoTotal_Sum_Amount_Investment,2025-11-30,2834440783235.48,USDollar,seiche/OfrMonthlyRevisedSeries,P1D
country/USA,seiche/OfrMoneyMarketFundRepoTotal_Sum_Amount_Investment,2025-12-31,2994432821536.31,USDollar,seiche/OfrMonthlyRevisedSeries,P1D
country/USA,seiche/OfrMoneyMarketFundRepoTotal_Sum_Amount_Investment,2026-01-31,2960966807853.83,USDollar,seiche/OfrMonthlyRevisedSeries,P1D
country/USA,seiche/OfrMoneyMarketFundRepoTotal_Sum_Amount_Investment,2026-02-28,3003576910050.37,USDollar,seiche/OfrMonthlyRevisedSeries,P1D
country/USA,seiche/OfrMoneyMarketFundRepoTotal_Sum_Amount_Investment,2026-03-31,2931971893018.5,USDollar,seiche/OfrMonthlyRevisedSeries,P1D
country/USA,seiche/OfrMoneyMarketFundRepoTotal_Sum_Amount_Investment,2026-04-30,2985722801114.78,USDollar,seiche/OfrMonthlyRevisedSeries,P1D
country/USA,seiche/OfrMoneyMarketFundRepoTotal_Sum_Amount_Investment,2026-05-31,3004242276349.22,USDollar,seiche/OfrMonthlyRevisedSeries,P1D
country/USA,seiche/OfrMoneyMarketFundRepoTotal_Sum_Amount_Investment,2026-06-30,3074627456882.4,USDollar,seiche/OfrMonthlyRevisedSeries,P1D
country/USA,seiche/OfrMoneyMarketFundRepoTotal_Sum_Amount_Investment,2026-07-31,2925256922261.54,USDollar,seiche/OfrMonthlyRevisedSeries,P1D
country/USA,seiche/OfrMoneyMarketFundTotal_Sum_Amount_Investment,2010-11-30,3076353570850.39,USDollar,seiche/OfrMonthlyRevisedSeries,P1D
country/USA,seiche/OfrMoneyMarketFundTotal_Sum_Amount_Investment,2010-12-31,3040419542093.54,USDollar,seiche/OfrMonthlyRevisedSeries,P1D
country/USA,seiche/OfrMoneyMarketFundTotal_Sum_Amount_Investment,2011-01-31,3011802131036,USDollar,seiche/OfrMonthlyRevisedSeries,P1D
country/USA,seiche/OfrMoneyMarketFundTotal_Sum_Amount_Investment,2011-02-28,3015506407334.85,USDollar,seiche/OfrMonthlyRevisedSeries,P1D
country/USA,seiche/OfrMoneyMarketFundTotal_Sum_Amount_Investment,2011-03-31,2979548819058.76,USDollar,seiche/OfrMonthlyRevisedSeries,P1D
country/USA,seiche/OfrMoneyMarketFundTotal_Sum_Amount_Investment,2011-04-30,3013720078705.05,USDollar,seiche/OfrMonthlyRevisedSeries,P1D
country/USA,seiche/OfrMoneyMarketFundTotal_Sum_Amount_Investment,2011-05-31,3019253168896.68,USDollar,seiche/OfrMonthlyRevisedSeries,P1D
country/USA,seiche/OfrMoneyMarketFundTotal_Sum_Amount_Investment,2011-06-30,2900201333885.87,USDollar,seiche/OfrMonthlyRevisedSeries,P1D
country/USA,seiche/OfrMoneyMarketFundTotal_Sum_Amount_Investment,2011-07-31,2733696908961.99,USDollar,seiche/OfrMonthlyRevisedSeries,P1D
country/USA,seiche/OfrMoneyMarketFundTotal_Sum_Amount_Investment,2011-08-31,2959167492682.05,USDollar,seiche/OfrMonthlyRevisedSeries,P1D
country/USA,seiche/OfrMoneyMarketFundTotal_Sum_Amount_Investment,2011-09-30,2880165545973.84,USDollar,seiche/OfrMonthlyRevisedSeries,P1D
country/USA,seiche/OfrMoneyMarketFundTotal_Sum_Amount_Investment,2011-10-31,2891774837486.73,USDollar,seiche/OfrMonthlyRevisedSeries,P1D
country/USA,seiche/OfrMoneyMarketFundTotal_Sum_Amount_Investment,2011-11-30,2940328075648.42,USDollar,seiche/OfrMonthlyRevisedSeries,P1D
country/USA,seiche/OfrMoneyMarketFundTotal_Sum_Amount_Investment,2011-12-31,2912186301173.5,USDollar,seiche/OfrMonthlyRevisedSeries,P1D
country/USA,seiche/OfrMoneyMarketFundTotal_Sum_Amount_Investment,2012-01-31,2950488362640.5,USDollar,seiche/OfrMonthlyRevisedSeries,P1D
country/USA,seiche/OfrMoneyMarketFundTotal_Sum_Amount_Investment,2012-02-29,2982089991200.78,USDollar,seiche/OfrMonthlyRevisedSeries,P1D
country/USA,seiche/OfrMoneyMarketFundTotal_Sum_Amount_Investment,2012-03-31,2870478962801.96,USDollar,seiche/OfrMonthlyRevisedSeries,P1D
country/USA,seiche/OfrMoneyMarketFundTotal_Sum_Amount_Investment,2012-04-30,2891076099605.16,USDollar,seiche/OfrMonthlyRevisedSeries,P1D
country/USA,seiche/OfrMoneyMarketFundTotal_Sum_Amount_Investment,2012-05-31,2871434946803.52,USDollar,seiche/OfrMonthlyRevisedSeries,P1D
country/USA,seiche/OfrMoneyMarketFundTotal_Sum_Amount_Investment,2012-06-30,2826676519842.13,USDollar,seiche/OfrMonthlyRevisedSeries,P1D
country/USA,seiche/OfrMoneyMarketFundTotal_Sum_Amount_Investment,2012-07-31,2894966588542.55,USDollar,seiche/OfrMonthlyRevisedSeries,P1D
country/USA,seiche/OfrMoneyMarketFundTotal_Sum_Amount_Investment,2012-08-31,2866808549258.54,USDollar,seiche/OfrMonthlyRevisedSeries,P1D
country/USA,seiche/OfrMoneyMarketFundTotal_Sum_Amount_Investment,2012-09-30,2867785040734.78,USDollar,seiche/OfrMonthlyRevisedSeries,P1D
country/USA,seiche/OfrMoneyMarketFundTotal_Sum_Amount_Investment,2012-10-31,2875711671865.92,USDollar,seiche/OfrMonthlyRevisedSeries,P1D
country/USA,seiche/OfrMoneyMarketFundTotal_Sum_Amount_Investment,2012-11-30,2947161117767.57,USDollar,seiche/OfrMonthlyRevisedSeries,P1D
country/USA,seiche/OfrMoneyMarketFundTotal_Sum_Amount_Investment,2012-12-31,2983450053689.43,USDollar,seiche/OfrMonthlyRevisedSeries,P1D
country/USA,seiche/OfrMoneyMarketFundTotal_Sum_Amount_Investment,2013-01-31,3022131732722.74,USDollar,seiche/OfrMonthlyRevisedSeries,P1D
country/USA,seiche/OfrMoneyMarketFundTotal_Sum_Amount_Investment,2013-02-28,2994337952563.69,USDollar,seiche/OfrMonthlyRevisedSeries,P1D
country/USA,seiche/OfrMoneyMarketFundTotal_Sum_Amount_Investment,2013-03-31,2929040486507.47,USDollar,seiche/OfrMonthlyRevisedSeries,P1D
country/USA,seiche/OfrMoneyMarketFundTotal_Sum_Amount_Investment,2013-04-30,2946939526200.36,USDollar,seiche/OfrMonthlyRevisedSeries,P1D
country/USA,seiche/OfrMoneyMarketFundTotal_Sum_Amount_Investment,2013-05-31,2941233607183.92,USDollar,seiche/OfrMonthlyRevisedSeries,P1D
country/USA,seiche/OfrMoneyMarketFundTotal_Sum_Amount_Investment,2013-06-30,2899011975406.32,USDollar,seiche/OfrMonthlyRevisedSeries,P1D
country/USA,seiche/OfrMoneyMarketFundTotal_Sum_Amount_Investment,2013-07-31,2974398284548.94,USDollar,seiche/OfrMonthlyRevisedSeries,P1D
country/USA,seiche/OfrMoneyMarketFundTotal_Sum_Amount_Investment,2013-08-31,2969310395575.6,USDollar,seiche/OfrMonthlyRevisedSeries,P1D
country/USA,seiche/OfrMoneyMarketFundTotal_Sum_Amount_Investment,2013-09-30,3023171727168.74,USDollar,seiche/OfrMonthlyRevisedSeries,P1D
country/USA,seiche/OfrMoneyMarketFundTotal_Sum_Amount_Investment,2013-10-31,3011430856627.46,USDollar,seiche/OfrMonthlyRevisedSeries,P1D
country/USA,seiche/OfrMoneyMarketFundTotal_Sum_Amount_Investment,2013-11-30,2992075431495.46,USDollar,seiche/OfrMonthlyRevisedSeries,P1D
country/USA,seiche/OfrMoneyMarketFundTotal_Sum_Amount_Investment,2013-12-31,3049957599254.91,USDollar,seiche/OfrMonthlyRevisedSeries,P1D
country/USA,seiche/OfrMoneyMarketFundTotal_Sum_Amount_Investment,2014-01-31,3052256317884.59,USDollar,seiche/OfrMonthlyRevisedSeries,P1D
country/USA,seiche/OfrMoneyMarketFundTotal_Sum_Amount_Investment,2014-02-28,3026641485335.04,USDollar,seiche/OfrMonthlyRevisedSeries,P1D
country/USA,seiche/OfrMoneyMarketFundTotal_Sum_Amount_Investment,2014-03-31,2993253810603.45,USDollar,seiche/OfrMonthlyRevisedSeries,P1D
country/USA,seiche/OfrMoneyMarketFundTotal_Sum_Amount_Investment,2014-04-30,2956372387412.28,USDollar,seiche/OfrMonthlyRevisedSeries,P1D
country/USA,seiche/OfrMoneyMarketFundTotal_Sum_Amount_Investment,2014-05-31,2942066991946,USDollar,seiche/OfrMonthlyRevisedSeries,P1D
country/USA,seiche/OfrMoneyMarketFundTotal_Sum_Amount_Investment,2014-06-30,2912045623591.28,USDollar,seiche/OfrMonthlyRevisedSeries,P1D
country/USA,seiche/OfrMoneyMarketFundTotal_Sum_Amount_Investment,2014-07-31,2908841960126.34,USDollar,seiche/OfrMonthlyRevisedSeries,P1D
country/USA,seiche/OfrMoneyMarketFundTotal_Sum_Amount_Investment,2014-08-31,2938802710026.11,USDollar,seiche/OfrMonthlyRevisedSeries,P1D
country/USA,seiche/OfrMoneyMarketFundTotal_Sum_Amount_Investment,2014-09-30,2965363582430.19,USDollar,seiche/OfrMonthlyRevisedSeries,P1D
country/USA,seiche/OfrMoneyMarketFundTotal_Sum_Amount_Investment,2014-10-31,2992862352803.79,USDollar,seiche/OfrMonthlyRevisedSeries,P1D
country/USA,seiche/OfrMoneyMarketFundTotal_Sum_Amount_Investment,2014-11-30,3002697841017.21,USDollar,seiche/OfrMonthlyRevisedSeries,P1D
country/USA,seiche/OfrMoneyMarketFundTotal_Sum_Amount_Investment,2014-12-31,3081916430558.42,USDollar,seiche/OfrMonthlyRevisedSeries,P1D
country/USA,seiche/OfrMoneyMarketFundTotal_Sum_Amount_Investment,2015-01-31,3049813096498.59,USDollar,seiche/OfrMonthlyRevisedSeries,P1D
country/USA,seiche/OfrMoneyMarketFundTotal_Sum_Amount_Investment,2015-02-28,3032856890406.88,USDollar,seiche/OfrMonthlyRevisedSeries,P1D
country/USA,seiche/OfrMoneyMarketFundTotal_Sum_Amount_Investment,2015-03-31,3016856861004.89,USDollar,seiche/OfrMonthlyRevisedSeries,P1D
country/USA,seiche/OfrMoneyMarketFundTotal_Sum_Amount_Investment,2015-04-30,2926918237644.03,USDollar,seiche/OfrMonthlyRevisedSeries,P1D
country/USA,seiche/OfrMoneyMarketFundTotal_Sum_Amount_Investment,2015-05-31,2950860698997.55,USDollar,seiche/OfrMonthlyRevisedSeries,P1D
country/USA,seiche/OfrMoneyMarketFundTotal_Sum_Amount_Investment,2015-06-30,2951644216039.58,USDollar,seiche/OfrMonthlyRevisedSeries,P1D
country/USA,seiche/OfrMoneyMarketFundTotal_Sum_Amount_Investment,2015-07-31,2998630985311.79,USDollar,seiche/OfrMonthlyRevisedSeries,P1D
country/USA,seiche/OfrMoneyMarketFundTotal_Sum_Amount_Investment,2015-08-31,3046130047327.2,USDollar,seiche/OfrMonthlyRevisedSeries,P1D
country/USA,seiche/OfrMoneyMarketFundTotal_Sum_Amount_Investment,2015-09-30,3013038279806.72,USDollar,seiche/OfrMonthlyRevisedSeries,P1D
country/USA,seiche/OfrMoneyMarketFundTotal_Sum_Amount_Investment,2015-10-31,3076104270173.98,USDollar,seiche/OfrMonthlyRevisedSeries,P1D
country/USA,seiche/OfrMoneyMarketFundTotal_Sum_Amount_Investment,2015-11-30,3081089990776.63,USDollar,seiche/OfrMonthlyRevisedSeries,P1D
country/USA,seiche/OfrMoneyMarketFundTotal_Sum_Amount_Investment,2015-12-31,3058256113915.17,USDollar,seiche/OfrMonthlyRevisedSeries,P1D
country/USA,seiche/OfrMoneyMarketFundTotal_Sum_Amount_Investment,2016-01-31,3045993712700.88,USDollar,seiche/OfrMonthlyRevisedSeries,P1D
country/USA,seiche/OfrMoneyMarketFundTotal_Sum_Amount_Investment,2016-02-29,3131177251728.1,USDollar,seiche/OfrMonthlyRevisedSeries,P1D
country/USA,seiche/OfrMoneyMarketFundTotal_Sum_Amount_Investment,2016-03-31,3058846999054.88,USDollar,seiche/OfrMonthlyRevisedSeries,P1D
country/USA,seiche/OfrMoneyMarketFundTotal_Sum_Amount_Investment,2016-04-30,3014508943399.48,USDollar,seiche/OfrMonthlyRevisedSeries,P1D
country/USA,seiche/OfrMoneyMarketFundTotal_Sum_Amount_Investment,2016-05-31,3038895494897.97,USDollar,seiche/OfrMonthlyRevisedSeries,P1D
country/USA,seiche/OfrMoneyMarketFundTotal_Sum_Amount_Investment,2016-06-30,2982540113090.86,USDollar,seiche/OfrMonthlyRevisedSeries,P1D
country/USA,seiche/OfrMoneyMarketFundTotal_Sum_Amount_Investment,2016-07-31,2986092287971.32,USDollar,seiche/OfrMonthlyRevisedSeries,P1D
country/USA,seiche/OfrMoneyMarketFundTotal_Sum_Amount_Investment,2016-08-31,3021905841094.28,USDollar,seiche/OfrMonthlyRevisedSeries,P1D
country/USA,seiche/OfrMoneyMarketFundTotal_Sum_Amount_Investment,2016-09-30,2901635304784.85,USDollar,seiche/OfrMonthlyRevisedSeries,P1D
country/USA,seiche/OfrMoneyMarketFundTotal_Sum_Amount_Investment,2016-10-31,2912004286007.74,USDollar,seiche/OfrMonthlyRevisedSeries,P1D
country/USA,seiche/OfrMoneyMarketFundTotal_Sum_Amount_Investment,2016-11-30,3003727640761.92,USDollar,seiche/OfrMonthlyRevisedSeries,P1D
country/USA,seiche/OfrMoneyMarketFundTotal_Sum_Amount_Investment,2016-12-31,2922538399972.6,USDollar,seiche/OfrMonthlyRevisedSeries,P1D
country/USA,seiche/OfrMoneyMarketFundTotal_Sum_Amount_Investment,2017-01-31,2936018108507.99,USDollar,seiche/OfrMonthlyRevisedSeries,P1D
country/USA,seiche/OfrMoneyMarketFundTotal_Sum_Amount_Investment,2017-02-28,2935918165357.74,USDollar,seiche/OfrMonthlyRevisedSeries,P1D
country/USA,seiche/OfrMoneyMarketFundTotal_Sum_Amount_Investment,2017-03-31,2910151029721.32,USDollar,seiche/OfrMonthlyRevisedSeries,P1D
country/USA,seiche/OfrMoneyMarketFundTotal_Sum_Amount_Investment,2017-04-30,2887269870845.77,USDollar,seiche/OfrMonthlyRevisedSeries,P1D
country/USA,seiche/OfrMoneyMarketFundTotal_Sum_Amount_Investment,2017-05-31,2936700935859.26,USDollar,seiche/OfrMonthlyRevisedSeries,P1D
country/USA,seiche/OfrMoneyMarketFundTotal_Sum_Amount_Investment,2017-06-30,2878222296632.51,USDollar,seiche/OfrMonthlyRevisedSeries,P1D
country/USA,seiche/OfrMoneyMarketFundTotal_Sum_Amount_Investment,2017-07-31,2936579905947.58,USDollar,seiche/OfrMonthlyRevisedSeries,P1D
country/USA,seiche/OfrMoneyMarketFundTotal_Sum_Amount_Investment,2017-08-31,2986067261522.99,USDollar,seiche/OfrMonthlyRevisedSeries,P1D
country/USA,seiche/OfrMoneyMarketFundTotal_Sum_Amount_Investment,2017-09-30,2996791728980.09,USDollar,seiche/OfrMonthlyRevisedSeries,P1D
country/USA,seiche/OfrMoneyMarketFundTotal_Sum_Amount_Investment,2017-10-31,3077656046920.2,USDollar,seiche/OfrMonthlyRevisedSeries,P1D
country/USA,seiche/OfrMoneyMarketFundTotal_Sum_Amount_Investment,2017-11-30,3081183016493.72,USDollar,seiche/OfrMonthlyRevisedSeries,P1D
country/USA,seiche/OfrMoneyMarketFundTotal_Sum_Amount_Investment,2017-12-31,3096275231116.82,USDollar,seiche/OfrMonthlyRevisedSeries,P1D
country/USA,seiche/OfrMoneyMarketFundTotal_Sum_Amount_Investment,2018-01-31,3103461830610.44,USDollar,seiche/OfrMonthlyRevisedSeries,P1D
country/USA,seiche/OfrMoneyMarketFundTotal_Sum_Amount_Investment,2018-02-28,3168645252423.27,USDollar,seiche/OfrMonthlyRevisedSeries,P1D
country/USA,seiche/OfrMoneyMarketFundTotal_Sum_Amount_Investment,2018-03-31,3059327253432.88,USDollar,seiche/OfrMonthlyRevisedSeries,P1D
country/USA,seiche/OfrMoneyMarketFundTotal_Sum_Amount_Investment,2018-04-30,3114646342043.36,USDollar,seiche/OfrMonthlyRevisedSeries,P1D
country/USA,seiche/OfrMoneyMarketFundTotal_Sum_Amount_Investment,2018-05-31,3138841066278.7,USDollar,seiche/OfrMonthlyRevisedSeries,P1D
country/USA,seiche/OfrMoneyMarketFundTotal_Sum_Amount_Investment,2018-06-30,3076858466992.09,USDollar,seiche/OfrMonthlyRevisedSeries,P1D
country/USA,seiche/OfrMoneyMarketFundTotal_Sum_Amount_Investment,2018-07-31,3169342377123.29,USDollar,seiche/OfrMonthlyRevisedSeries,P1D
country/USA,seiche/OfrMoneyMarketFundTotal_Sum_Amount_Investment,2018-08-31,3138093769855.26,USDollar,seiche/OfrMonthlyRevisedSeries,P1D
country/USA,seiche/OfrMoneyMarketFundTotal_Sum_Amount_Investment,2018-09-30,3132480801887.74,USDollar,seiche/OfrMonthlyRevisedSeries,P1D
country/USA,seiche/OfrMoneyMarketFundTotal_Sum_Amount_Investment,2018-10-31,3190918176146.64,USDollar,seiche/OfrMonthlyRevisedSeries,P1D
country/USA,seiche/OfrMoneyMarketFundTotal_Sum_Amount_Investment,2018-11-30,3242112694420.66,USDollar,seiche/OfrMonthlyRevisedSeries,P1D
country/USA,seiche/OfrMoneyMarketFundTotal_Sum_Amount_Investment,2018-12-31,3343614806400.05,USDollar,seiche/OfrMonthlyRevisedSeries,P1D
country/USA,seiche/OfrMoneyMarketFundTotal_Sum_Amount_Investment,2019-01-31,3350415278046.23,USDollar,seiche/OfrMonthlyRevisedSeries,P1D
country/USA,seiche/OfrMoneyMarketFundTotal_Sum_Amount_Investment,2019-02-28,3439350754899.63,USDollar,seiche/OfrMonthlyRevisedSeries,P1D
country/USA,seiche/OfrMoneyMarketFundTotal_Sum_Amount_Investment,2019-03-31,3526099449506.18,USDollar,seiche/OfrMonthlyRevisedSeries,P1D
country/USA,seiche/OfrMoneyMarketFundTotal_Sum_Amount_Investment,2019-04-30,3502582548480.71,USDollar,seiche/OfrMonthlyRevisedSeries,P1D
country/USA,seiche/OfrMoneyMarketFundTotal_Sum_Amount_Investment,2019-05-31,3594047252939.15,USDollar,seiche/OfrMonthlyRevisedSeries,P1D
country/USA,seiche/OfrMoneyMarketFundTotal_Sum_Amount_Investment,2019-06-30,3613989308405.23,USDollar,seiche/OfrMonthlyRevisedSeries,P1D
country/USA,seiche/OfrMoneyMarketFundTotal_Sum_Amount_Investment,2019-07-31,3703354409330.49,USDollar,seiche/OfrMonthlyRevisedSeries,P1D
country/USA,seiche/OfrMoneyMarketFundTotal_Sum_Amount_Investment,2019-08-31,3799564414267.02,USDollar,seiche/OfrMonthlyRevisedSeries,P1D
country/USA,seiche/OfrMoneyMarketFundTotal_Sum_Amount_Investment,2019-09-30,3885499553879.33,USDollar,seiche/OfrMonthlyRevisedSeries,P1D
country/USA,seiche/OfrMoneyMarketFundTotal_Sum_Amount_Investment,2019-10-31,3967899033760.74,USDollar,seiche/OfrMonthlyRevisedSeries,P1D
country/USA,seiche/OfrMoneyMarketFundTotal_Sum_Amount_Investment,2019-11-30,3990802886419.94,USDollar,seiche/OfrMonthlyRevisedSeries,P1D
country/USA,seiche/OfrMoneyMarketFundTotal_Sum_Amount_Investment,2019-12-31,4015747644712.21,USDollar,seiche/OfrMonthlyRevisedSeries,P1D
country/USA,seiche/OfrMoneyMarketFundTotal_Sum_Amount_Investment,2020-01-31,4031460067479.22,USDollar,seiche/OfrMonthlyRevisedSeries,P1D
country/USA,seiche/OfrMoneyMarketFundTotal_Sum_Amount_Investment,2020-02-29,4030975708362.47,USDollar,seiche/OfrMonthlyRevisedSeries,P1D
country/USA,seiche/OfrMoneyMarketFundTotal_Sum_Amount_Investment,2020-03-31,4758625938892.51,USDollar,seiche/OfrMonthlyRevisedSeries,P1D
country/USA,seiche/OfrMoneyMarketFundTotal_Sum_Amount_Investment,2020-04-30,5290219717902.69,USDollar,seiche/OfrMonthlyRevisedSeries,P1D
country/USA,seiche/OfrMoneyMarketFundTotal_Sum_Amount_Investment,2020-05-31,5319462069198.32,USDollar,seiche/OfrMonthlyRevisedSeries,P1D
country/USA,seiche/OfrMoneyMarketFundTotal_Sum_Amount_Investment,2020-06-30,5153496893854.71,USDollar,seiche/OfrMonthlyRevisedSeries,P1D
country/USA,seiche/OfrMoneyMarketFundTotal_Sum_Amount_Investment,2020-07-31,5060031301400.9,USDollar,seiche/OfrMonthlyRevisedSeries,P1D
country/USA,seiche/OfrMoneyMarketFundTotal_Sum_Amount_Investment,2020-08-31,5043705878294.84,USDollar,seiche/OfrMonthlyRevisedSeries,P1D
country/USA,seiche/OfrMoneyMarketFundTotal_Sum_Amount_Investment,2020-09-30,4940955352337.59,USDollar,seiche/OfrMonthlyRevisedSeries,P1D
country/USA,seiche/OfrMoneyMarketFundTotal_Sum_Amount_Investment,2020-10-31,4798427120947.91,USDollar,seiche/OfrMonthlyRevisedSeries,P1D
country/USA,seiche/OfrMoneyMarketFundTotal_Sum_Amount_Investment,2020-11-30,4878363028503.73,USDollar,seiche/OfrMonthlyRevisedSeries,P1D
country/USA,seiche/OfrMoneyMarketFundTotal_Sum_Amount_Investment,2020-12-31,4786153312903.57,USDollar,seiche/OfrMonthlyRevisedSeries,P1D
country/USA,seiche/OfrMoneyMarketFundTotal_Sum_Amount_Investment,2021-01-31,4826913642593.8,USDollar,seiche/OfrMonthlyRevisedSeries,P1D
country/USA,seiche/OfrMoneyMarketFundTotal_Sum_Amount_Investment,2021-02-28,4857759156206.02,USDollar,seiche/OfrMonthlyRevisedSeries,P1D
country/USA,seiche/OfrMoneyMarketFundTotal_Sum_Amount_Investment,2021-03-31,5046130221281.81,USDollar,seiche/OfrMonthlyRevisedSeries,P1D
country/USA,seiche/OfrMoneyMarketFundTotal_Sum_Amount_Investment,2021-04-30,5076911857688.6,USDollar,seiche/OfrMonthlyRevisedSeries,P1D
country/USA,seiche/OfrMoneyMarketFundTotal_Sum_Amount_Investment,2021-05-31,5097966392634.07,USDollar,seiche/OfrMonthlyRevisedSeries,P1D
country/USA,seiche/OfrMoneyMarketFundTotal_Sum_Amount_Investment,2021-06-30,5100281740059.02,USDollar,seiche/OfrMonthlyRevisedSeries,P1D
country/USA,seiche/OfrMoneyMarketFundTotal_Sum_Amount_Investment,2021-07-31,4977176934125.51,USDollar,seiche/OfrMonthlyRevisedSeries,P1D
country/USA,seiche/OfrMoneyMarketFundTotal_Sum_Amount_Investment,2021-08-31,5027173520424.44,USDollar,seiche/OfrMonthlyRevisedSeries,P1D
country/USA,seiche/OfrMoneyMarketFundTotal_Sum_Amount_Investment,2021-09-30,5000062685263.98,USDollar,seiche/OfrMonthlyRevisedSeries,P1D
country/USA,seiche/OfrMoneyMarketFundTotal_Sum_Amount_Investment,2021-10-31,5063480033596.7,USDollar,seiche/OfrMonthlyRevisedSeries,P1D
country/USA,seiche/OfrMoneyMarketFundTotal_Sum_Amount_Investment,2021-11-30,5134494392848.76,USDollar,seiche/OfrMonthlyRevisedSeries,P1D
country/USA,seiche/OfrMoneyMarketFundTotal_Sum_Amount_Investment,2021-12-31,5228671872232.09,USDollar,seiche/OfrMonthlyRevisedSeries,P1D
country/USA,seiche/OfrMoneyMarketFundTotal_Sum_Amount_Investment,2022-01-31,5121734889531.33,USDollar,seiche/OfrMonthlyRevisedSeries,P1D
country/USA,seiche/OfrMoneyMarketFundTotal_Sum_Amount_Investment,2022-02-28,5137106507515.65,USDollar,seiche/OfrMonthlyRevisedSeries,P1D
country/USA,seiche/OfrMoneyMarketFundTotal_Sum_Amount_Investment,2022-03-31,5088834229616.65,USDollar,seiche/OfrMonthlyRevisedSeries,P1D
country/USA,seiche/OfrMoneyMarketFundTotal_Sum_Amount_Investment,2022-04-30,5027931311030.93,USDollar,seiche/OfrMonthlyRevisedSeries,P1D
country/USA,seiche/OfrMoneyMarketFundTotal_Sum_Amount_Investment,2022-05-31,4989193888182.79,USDollar,seiche/OfrMonthlyRevisedSeries,P1D
country/USA,seiche/OfrMoneyMarketFundTotal_Sum_Amount_Investment,2022-06-30,5032775684480.7,USDollar,seiche/OfrMonthlyRevisedSeries,P1D
country/USA,seiche/OfrMoneyMarketFundTotal_Sum_Amount_Investment,2022-07-31,5097299872279.66,USDollar,seiche/OfrMonthlyRevisedSeries,P1D
country/USA,seiche/OfrMoneyMarketFundTotal_Sum_Amount_Investment,2022-08-31,5087091233330.26,USDollar,seiche/OfrMonthlyRevisedSeries,P1D
country/USA,seiche/OfrMoneyMarketFundTotal_Sum_Amount_Investment,2022-09-30,5090382156833.94,USDollar,seiche/OfrMonthlyRevisedSeries,P1D
country/USA,seiche/OfrMoneyMarketFundTotal_Sum_Amount_Investment,2022-10-31,5161635763237.25,USDollar,seiche/OfrMonthlyRevisedSeries,P1D
country/USA,seiche/OfrMoneyMarketFundTotal_Sum_Amount_Investment,2022-11-30,5147199640297.73,USDollar,seiche/OfrMonthlyRevisedSeries,P1D
country/USA,seiche/OfrMoneyMarketFundTotal_Sum_Amount_Investment,2022-12-31,5212145506683.69,USDollar,seiche/OfrMonthlyRevisedSeries,P1D
country/USA,seiche/OfrMoneyMarketFundTotal_Sum_Amount_Investment,2023-01-31,5258299533438.39,USDollar,seiche/OfrMonthlyRevisedSeries,P1D
country/USA,seiche/OfrMoneyMarketFundTotal_Sum_Amount_Investment,2023-02-28,5294307400185.72,USDollar,seiche/OfrMonthlyRevisedSeries,P1D
country/USA,seiche/OfrMoneyMarketFundTotal_Sum_Amount_Investment,2023-03-31,5692595618105.93,USDollar,seiche/OfrMonthlyRevisedSeries,P1D
country/USA,seiche/OfrMoneyMarketFundTotal_Sum_Amount_Investment,2023-04-30,5759921673780.23,USDollar,seiche/OfrMonthlyRevisedSeries,P1D
country/USA,seiche/OfrMoneyMarketFundTotal_Sum_Amount_Investment,2023-05-31,5866714153582.97,USDollar,seiche/OfrMonthlyRevisedSeries,P1D
country/USA,seiche/OfrMoneyMarketFundTotal_Sum_Amount_Investment,2023-06-30,5919285366284.08,USDollar,seiche/OfrMonthlyRevisedSeries,P1D
country/USA,seiche/OfrMoneyMarketFundTotal_Sum_Amount_Investment,2023-07-31,5985772390541.36,USDollar,seiche/OfrMonthlyRevisedSeries,P1D
country/USA,seiche/OfrMoneyMarketFundTotal_Sum_Amount_Investment,2023-08-31,6098015653335.69,USDollar,seiche/OfrMonthlyRevisedSeries,P1D
country/USA,seiche/OfrMoneyMarketFundTotal_Sum_Amount_Investment,2023-09-30,6161138331131.31,USDollar,seiche/OfrMonthlyRevisedSeries,P1D
country/USA,seiche/OfrMoneyMarketFundTotal_Sum_Amount_Investment,2023-10-31,6128454211611.03,USDollar,seiche/OfrMonthlyRevisedSeries,P1D
country/USA,seiche/OfrMoneyMarketFundTotal_Sum_Amount_Investment,2023-11-30,6353123339797.6,USDollar,seiche/OfrMonthlyRevisedSeries,P1D
country/USA,seiche/OfrMoneyMarketFundTotal_Sum_Amount_Investment,2023-12-31,6401328912400.33,USDollar,seiche/OfrMonthlyRevisedSeries,P1D
country/USA,seiche/OfrMoneyMarketFundTotal_Sum_Amount_Investment,2024-01-31,6485433200758.89,USDollar,seiche/OfrMonthlyRevisedSeries,P1D
country/USA,seiche/OfrMoneyMarketFundTotal_Sum_Amount_Investment,2024-02-29,6545927271545.13,USDollar,seiche/OfrMonthlyRevisedSeries,P1D
country/USA,seiche/OfrMoneyMarketFundTotal_Sum_Amount_Investment,2024-03-31,6492531392374.58,USDollar,seiche/OfrMonthlyRevisedSeries,P1D
country/USA,seiche/OfrMoneyMarketFundTotal_Sum_Amount_Investment,2024-04-30,6425873882395.5,USDollar,seiche/OfrMonthlyRevisedSeries,P1D
country/USA,seiche/OfrMoneyMarketFundTotal_Sum_Amount_Investment,2024-05-31,6540071309193.23,USDollar,seiche/OfrMonthlyRevisedSeries,P1D
country/USA,seiche/OfrMoneyMarketFundTotal_Sum_Amount_Investment,2024-06-30,6557916007121.46,USDollar,seiche/OfrMonthlyRevisedSeries,P1D
country/USA,seiche/OfrMoneyMarketFundTotal_Sum_Amount_Investment,2024-07-31,6649379535526.62,USDollar,seiche/OfrMonthlyRevisedSeries,P1D
country/USA,seiche/OfrMoneyMarketFundTotal_Sum_Amount_Investment,2024-08-31,6696106611127.1,USDollar,seiche/OfrMonthlyRevisedSeries,P1D
country/USA,seiche/OfrMoneyMarketFundTotal_Sum_Amount_Investment,2024-09-30,6925008656570.82,USDollar,seiche/OfrMonthlyRevisedSeries,P1D
country/USA,seiche/OfrMoneyMarketFundTotal_Sum_Amount_Investment,2024-10-31,6971027329336.32,USDollar,seiche/OfrMonthlyRevisedSeries,P1D
country/USA,seiche/OfrMoneyMarketFundTotal_Sum_Amount_Investment,2024-11-30,7169425084190.64,USDollar,seiche/OfrMonthlyRevisedSeries,P1D
country/USA,seiche/OfrMoneyMarketFundTotal_Sum_Amount_Investment,2024-12-31,7253369005016.13,USDollar,seiche/OfrMonthlyRevisedSeries,P1D
country/USA,seiche/OfrMoneyMarketFundTotal_Sum_Amount_Investment,2025-01-31,7332717930305.88,USDollar,seiche/OfrMonthlyRevisedSeries,P1D
country/USA,seiche/OfrMoneyMarketFundTotal_Sum_Amount_Investment,2025-02-28,7388219588395.3,USDollar,seiche/OfrMonthlyRevisedSeries,P1D
country/USA,seiche/OfrMoneyMarketFundTotal_Sum_Amount_Investment,2025-03-31,7435276409835.51,USDollar,seiche/OfrMonthlyRevisedSeries,P1D
country/USA,seiche/OfrMoneyMarketFundTotal_Sum_Amount_Investment,2025-04-30,7369871423779.11,USDollar,seiche/OfrMonthlyRevisedSeries,P1D
country/USA,seiche/OfrMoneyMarketFundTotal_Sum_Amount_Investment,2025-05-31,7427265212546.24,USDollar,seiche/OfrMonthlyRevisedSeries,P1D
country/USA,seiche/OfrMoneyMarketFundTotal_Sum_Amount_Investment,2025-06-30,7520525940182.18,USDollar,seiche/OfrMonthlyRevisedSeries,P1D
country/USA,seiche/OfrMoneyMarketFundTotal_Sum_Amount_Investment,2025-07-31,7534583806033.72,USDollar,seiche/OfrMonthlyRevisedSeries,P1D
country/USA,seiche/OfrMoneyMarketFundTotal_Sum_Amount_Investment,2025-08-31,7704605747777.65,USDollar,seiche/OfrMonthlyRevisedSeries,P1D
country/USA,seiche/OfrMoneyMarketFundTotal_Sum_Amount_Investment,2025-09-30,7771402531970.1,USDollar,seiche/OfrMonthlyRevisedSeries,P1D
country/USA,seiche/OfrMoneyMarketFundTotal_Sum_Amount_Investment,2025-10-31,7923909703444.44,USDollar,seiche/OfrMonthlyRevisedSeries,P1D
country/USA,seiche/OfrMoneyMarketFundTotal_Sum_Amount_Investment,2025-11-30,8062826874318.33,USDollar,seiche/OfrMonthlyRevisedSeries,P1D
country/USA,seiche/OfrMoneyMarketFundTotal_Sum_Amount_Investment,2025-12-31,8305489269707.1,USDollar,seiche/OfrMonthlyRevisedSeries,P1D
country/USA,seiche/OfrMoneyMarketFundTotal_Sum_Amount_Investment,2026-01-31,8236309462659.87,USDollar,seiche/OfrMonthlyRevisedSeries,P1D
country/USA,seiche/OfrMoneyMarketFundTotal_Sum_Amount_Investment,2026-02-28,8353288144959.42,USDollar,seiche/OfrMonthlyRevisedSeries,P1D
country/USA,seiche/OfrMoneyMarketFundTotal_Sum_Amount_Investment,2026-03-31,8250853165620.6,USDollar,seiche/OfrMonthlyRevisedSeries,P1D
country/USA,seiche/OfrMoneyMarketFundTotal_Sum_Amount_Investment,2026-04-30,8166506382653.91,USDollar,seiche/OfrMonthlyRevisedSeries,P1D
country/USA,seiche/OfrMoneyMarketFundTotal_Sum_Amount_Investment,2026-05-31,8400986581507.48,USDollar,seiche/OfrMonthlyRevisedSeries,P1D
country/USA,seiche/OfrMoneyMarketFundTotal_Sum_Amount_Investment,2026-06-30,8400624338439.16,USDollar,seiche/OfrMonthlyRevisedSeries,P1D
country/USA,seiche/OfrMoneyMarketFundTotal_Sum_Amount_Investment,2026-07-31,8411936812496.55,USDollar,seiche/OfrMonthlyRevisedSeries,P1D
